<?xml version="1.0" encoding="UTF-8"?>
<pmd xmlns="http://pmd.sourceforge.net/report/2.0.0" xmlns:xsi="http://www.w3.org/2001/XMLSchema-instance" xsi:schemaLocation="http://pmd.sourceforge.net/report/2.0.0 http://pmd.sourceforge.net/report_2_0_0.xsd" version="7.0.0-rc3" timestamp="2023-10-22T11:19:46.288">
<file name="/mnt/disk3/lty/JLeaks/data/JavaFile/bug/8e9d878ea3b11e04d7877f763c3b408cfd3da2094970af26909ef34641595cda.java">
<violation beginline="116" endline="116" begincolumn="23" endcolumn="25" rule="CloseResource" ruleset="Error Prone" package="tachyon.command" class="TFsShell" method="copyPath" variable="in" externalInfoUrl="https://docs.pmd-code.org/pmd-doc-7.0.0-rc3/pmd_rules_java_errorprone.html#closeresource" priority="3">
Ensure that resources like this FileInputStream object are closed after use
</violation>
<violation beginline="117" endline="117" begincolumn="19" endcolumn="26" rule="CloseResource" ruleset="Error Prone" package="tachyon.command" class="TFsShell" method="copyPath" variable="channel" externalInfoUrl="https://docs.pmd-code.org/pmd-doc-7.0.0-rc3/pmd_rules_java_errorprone.html#closeresource" priority="3">
Ensure that resources like this FileChannel object are closed after use
</violation>
<violation beginline="167" endline="167" begincolumn="22" endcolumn="25" rule="CloseResource" ruleset="Error Prone" package="tachyon.command" class="TFsShell" method="copyToLocal" variable="out" externalInfoUrl="https://docs.pmd-code.org/pmd-doc-7.0.0-rc3/pmd_rules_java_errorprone.html#closeresource" priority="3">
Ensure that resources like this FileOutputStream object are closed after use
</violation>
<violation beginline="626" endline="626" begincolumn="18" endcolumn="21" rule="CloseResource" ruleset="Error Prone" package="tachyon.command" class="TFsShell" method="touch" variable="out" externalInfoUrl="https://docs.pmd-code.org/pmd-doc-7.0.0-rc3/pmd_rules_java_errorprone.html#closeresource" priority="3">
Ensure that resources like this OutputStream object are closed after use
</violation>
</file>
</pmd>
