<?xml version="1.0" encoding="UTF-8"?>
<pmd xmlns="http://pmd.sourceforge.net/report/2.0.0" xmlns:xsi="http://www.w3.org/2001/XMLSchema-instance" xsi:schemaLocation="http://pmd.sourceforge.net/report/2.0.0 http://pmd.sourceforge.net/report_2_0_0.xsd" version="7.0.0-rc3" timestamp="2023-10-22T11:19:29.751">
<file name="/mnt/disk3/lty/JLeaks/data/JavaFile/bug/ec06f93f36132f26821ea258901ee82c156facf291d651f0714f3dd29d821683.java">
<violation beginline="224" endline="224" begincolumn="16" endcolumn="26" rule="CloseResource" ruleset="Error Prone" package="alluxio.checker" class="SparkIntegrationChecker" method="main" variable="fileWriter" externalInfoUrl="https://docs.pmd-code.org/pmd-doc-7.0.0-rc3/pmd_rules_java_errorprone.html#closeresource" priority="3">
Ensure that resources like this FileWriter object are closed after use
</violation>
<violation beginline="225" endline="225" begincolumn="20" endcolumn="34" rule="CloseResource" ruleset="Error Prone" package="alluxio.checker" class="SparkIntegrationChecker" method="main" variable="bufferedWriter" externalInfoUrl="https://docs.pmd-code.org/pmd-doc-7.0.0-rc3/pmd_rules_java_errorprone.html#closeresource" priority="3">
Ensure that resources like this BufferedWriter object are closed after use
</violation>
<violation beginline="226" endline="226" begincolumn="17" endcolumn="29" rule="CloseResource" ruleset="Error Prone" package="alluxio.checker" class="SparkIntegrationChecker" method="main" variable="reportWriter" externalInfoUrl="https://docs.pmd-code.org/pmd-doc-7.0.0-rc3/pmd_rules_java_errorprone.html#closeresource" priority="3">
Ensure that resources like this PrintWriter object are closed after use
</violation>
</file>
</pmd>
