<?xml version="1.0" encoding="UTF-8"?>
<pmd xmlns="http://pmd.sourceforge.net/report/2.0.0" xmlns:xsi="http://www.w3.org/2001/XMLSchema-instance" xsi:schemaLocation="http://pmd.sourceforge.net/report/2.0.0 http://pmd.sourceforge.net/report_2_0_0.xsd" version="7.0.0-rc3" timestamp="2023-10-22T11:32:40.568">
<file name="/mnt/disk3/lty/JLeaks/data/JavaFile/bug/4633f9ec859d8ea95b63cde501043bc11283691236f76133cac9219203f0bfef.java">
<violation beginline="2434" endline="2434" begincolumn="21" endcolumn="26" rule="CloseResource" ruleset="Error Prone" package="processing.app" class="Base" method="loadBytesRaw" variable="input" externalInfoUrl="https://docs.pmd-code.org/pmd-doc-7.0.0-rc3/pmd_rules_java_errorprone.html#closeresource" priority="3">
Ensure that resources like this FileInputStream object are closed after use
</violation>
<violation beginline="2479" endline="2479" begincolumn="17" endcolumn="21" rule="CloseResource" ruleset="Error Prone" package="processing.app" class="Base" method="copyFile" variable="from" externalInfoUrl="https://docs.pmd-code.org/pmd-doc-7.0.0-rc3/pmd_rules_java_errorprone.html#closeresource" priority="3">
Ensure that resources like this BufferedInputStream object are closed after use
</violation>
<violation beginline="2481" endline="2481" begincolumn="18" endcolumn="20" rule="CloseResource" ruleset="Error Prone" package="processing.app" class="Base" method="copyFile" variable="to" externalInfoUrl="https://docs.pmd-code.org/pmd-doc-7.0.0-rc3/pmd_rules_java_errorprone.html#closeresource" priority="3">
Ensure that resources like this BufferedOutputStream object are closed after use
</violation>
</file>
</pmd>
