<?xml version="1.0" encoding="UTF-8"?>
<pmd xmlns="http://pmd.sourceforge.net/report/2.0.0" xmlns:xsi="http://www.w3.org/2001/XMLSchema-instance" xsi:schemaLocation="http://pmd.sourceforge.net/report/2.0.0 http://pmd.sourceforge.net/report_2_0_0.xsd" version="7.0.0-rc3" timestamp="2023-10-22T11:32:55.549">
<file name="/mnt/disk3/lty/JLeaks/data/JavaFile/bug/4f72f89343f637d74e64f0e35ecea3b722c13c344035a522b69f88e2f16f401e.java">
<violation beginline="125" endline="125" begincolumn="23" endcolumn="25" rule="CloseResource" ruleset="Error Prone" package="fr.xephi.authme.datasource" class="MySQL" method="setupConnection" variable="st" externalInfoUrl="https://docs.pmd-code.org/pmd-doc-7.0.0-rc3/pmd_rules_java_errorprone.html#closeresource" priority="3">
Ensure that resources like this Statement object are closed after use
</violation>
<violation beginline="145" endline="145" begincolumn="23" endcolumn="25" rule="CloseResource" ruleset="Error Prone" package="fr.xephi.authme.datasource" class="MySQL" method="setupConnection" variable="rs" externalInfoUrl="https://docs.pmd-code.org/pmd-doc-7.0.0-rc3/pmd_rules_java_errorprone.html#closeresource" priority="3">
Ensure that resources like this ResultSet object are closed after use
</violation>
<violation beginline="239" endline="239" begincolumn="31" endcolumn="34" rule="CloseResource" ruleset="Error Prone" package="fr.xephi.authme.datasource" class="MySQL" method="isAuthAvailable" variable="pst" externalInfoUrl="https://docs.pmd-code.org/pmd-doc-7.0.0-rc3/pmd_rules_java_errorprone.html#closeresource" priority="3">
Ensure that resources like this PreparedStatement object are closed after use
</violation>
<violation beginline="241" endline="241" begincolumn="23" endcolumn="25" rule="CloseResource" ruleset="Error Prone" package="fr.xephi.authme.datasource" class="MySQL" method="isAuthAvailable" variable="rs" externalInfoUrl="https://docs.pmd-code.org/pmd-doc-7.0.0-rc3/pmd_rules_java_errorprone.html#closeresource" priority="3">
Ensure that resources like this ResultSet object are closed after use
</violation>
<violation beginline="254" endline="254" begincolumn="31" endcolumn="34" rule="CloseResource" ruleset="Error Prone" package="fr.xephi.authme.datasource" class="MySQL" method="getPassword" variable="pst" externalInfoUrl="https://docs.pmd-code.org/pmd-doc-7.0.0-rc3/pmd_rules_java_errorprone.html#closeresource" priority="3">
Ensure that resources like this PreparedStatement object are closed after use
</violation>
<violation beginline="256" endline="256" begincolumn="23" endcolumn="25" rule="CloseResource" ruleset="Error Prone" package="fr.xephi.authme.datasource" class="MySQL" method="getPassword" variable="rs" externalInfoUrl="https://docs.pmd-code.org/pmd-doc-7.0.0-rc3/pmd_rules_java_errorprone.html#closeresource" priority="3">
Ensure that resources like this ResultSet object are closed after use
</violation>
<violation beginline="272" endline="272" begincolumn="31" endcolumn="34" rule="CloseResource" ruleset="Error Prone" package="fr.xephi.authme.datasource" class="MySQL" method="getAuth" variable="pst" externalInfoUrl="https://docs.pmd-code.org/pmd-doc-7.0.0-rc3/pmd_rules_java_errorprone.html#closeresource" priority="3">
Ensure that resources like this PreparedStatement object are closed after use
</violation>
<violation beginline="274" endline="274" begincolumn="23" endcolumn="25" rule="CloseResource" ruleset="Error Prone" package="fr.xephi.authme.datasource" class="MySQL" method="getAuth" variable="rs" externalInfoUrl="https://docs.pmd-code.org/pmd-doc-7.0.0-rc3/pmd_rules_java_errorprone.html#closeresource" priority="3">
Ensure that resources like this ResultSet object are closed after use
</violation>
<violation beginline="302" endline="302" begincolumn="31" endcolumn="34" rule="CloseResource" ruleset="Error Prone" package="fr.xephi.authme.datasource" class="MySQL" method="saveAuth" variable="pst" externalInfoUrl="https://docs.pmd-code.org/pmd-doc-7.0.0-rc3/pmd_rules_java_errorprone.html#closeresource" priority="3">
Ensure that resources like this PreparedStatement object are closed after use
</violation>
<violation beginline="303" endline="303" begincolumn="31" endcolumn="35" rule="CloseResource" ruleset="Error Prone" package="fr.xephi.authme.datasource" class="MySQL" method="saveAuth" variable="pst2" externalInfoUrl="https://docs.pmd-code.org/pmd-doc-7.0.0-rc3/pmd_rules_java_errorprone.html#closeresource" priority="3">
Ensure that resources like this PreparedStatement object are closed after use
</violation>
<violation beginline="304" endline="304" begincolumn="23" endcolumn="25" rule="CloseResource" ruleset="Error Prone" package="fr.xephi.authme.datasource" class="MySQL" method="saveAuth" variable="rs" externalInfoUrl="https://docs.pmd-code.org/pmd-doc-7.0.0-rc3/pmd_rules_java_errorprone.html#closeresource" priority="3">
Ensure that resources like this ResultSet object are closed after use
</violation>
<violation beginline="510" endline="510" begincolumn="31" endcolumn="34" rule="CloseResource" ruleset="Error Prone" package="fr.xephi.authme.datasource" class="MySQL" method="updatePassword" variable="pst" externalInfoUrl="https://docs.pmd-code.org/pmd-doc-7.0.0-rc3/pmd_rules_java_errorprone.html#closeresource" priority="3">
Ensure that resources like this PreparedStatement object are closed after use
</violation>
<violation beginline="531" endline="531" begincolumn="27" endcolumn="29" rule="CloseResource" ruleset="Error Prone" package="fr.xephi.authme.datasource" class="MySQL" method="updatePassword" variable="rs" externalInfoUrl="https://docs.pmd-code.org/pmd-doc-7.0.0-rc3/pmd_rules_java_errorprone.html#closeresource" priority="3">
Ensure that resources like this ResultSet object are closed after use
</violation>
<violation beginline="536" endline="536" begincolumn="39" endcolumn="43" rule="CloseResource" ruleset="Error Prone" package="fr.xephi.authme.datasource" class="MySQL" method="updatePassword" variable="pst2" externalInfoUrl="https://docs.pmd-code.org/pmd-doc-7.0.0-rc3/pmd_rules_java_errorprone.html#closeresource" priority="3">
Ensure that resources like this PreparedStatement object are closed after use
</violation>
<violation beginline="585" endline="585" begincolumn="31" endcolumn="33" rule="CloseResource" ruleset="Error Prone" package="fr.xephi.authme.datasource" class="MySQL" method="autoPurgeDatabase" variable="st" externalInfoUrl="https://docs.pmd-code.org/pmd-doc-7.0.0-rc3/pmd_rules_java_errorprone.html#closeresource" priority="3">
Ensure that resources like this PreparedStatement object are closed after use
</violation>
<violation beginline="587" endline="587" begincolumn="23" endcolumn="25" rule="CloseResource" ruleset="Error Prone" package="fr.xephi.authme.datasource" class="MySQL" method="autoPurgeDatabase" variable="rs" externalInfoUrl="https://docs.pmd-code.org/pmd-doc-7.0.0-rc3/pmd_rules_java_errorprone.html#closeresource" priority="3">
Ensure that resources like this ResultSet object are closed after use
</violation>
<violation beginline="608" endline="608" begincolumn="31" endcolumn="34" rule="CloseResource" ruleset="Error Prone" package="fr.xephi.authme.datasource" class="MySQL" method="removeAuth" variable="pst" externalInfoUrl="https://docs.pmd-code.org/pmd-doc-7.0.0-rc3/pmd_rules_java_errorprone.html#closeresource" priority="3">
Ensure that resources like this PreparedStatement object are closed after use
</violation>
<violation beginline="613" endline="613" begincolumn="27" endcolumn="29" rule="CloseResource" ruleset="Error Prone" package="fr.xephi.authme.datasource" class="MySQL" method="removeAuth" variable="rs" externalInfoUrl="https://docs.pmd-code.org/pmd-doc-7.0.0-rc3/pmd_rules_java_errorprone.html#closeresource" priority="3">
Ensure that resources like this ResultSet object are closed after use
</violation>
<violation beginline="617" endline="617" begincolumn="39" endcolumn="41" rule="CloseResource" ruleset="Error Prone" package="fr.xephi.authme.datasource" class="MySQL" method="removeAuth" variable="st" externalInfoUrl="https://docs.pmd-code.org/pmd-doc-7.0.0-rc3/pmd_rules_java_errorprone.html#closeresource" priority="3">
Ensure that resources like this PreparedStatement object are closed after use
</violation>
<violation beginline="641" endline="641" begincolumn="31" endcolumn="34" rule="CloseResource" ruleset="Error Prone" package="fr.xephi.authme.datasource" class="MySQL" method="updateQuitLoc" variable="pst" externalInfoUrl="https://docs.pmd-code.org/pmd-doc-7.0.0-rc3/pmd_rules_java_errorprone.html#closeresource" priority="3">
Ensure that resources like this PreparedStatement object are closed after use
</violation>
<violation beginline="660" endline="660" begincolumn="31" endcolumn="34" rule="CloseResource" ruleset="Error Prone" package="fr.xephi.authme.datasource" class="MySQL" method="updateEmail" variable="pst" externalInfoUrl="https://docs.pmd-code.org/pmd-doc-7.0.0-rc3/pmd_rules_java_errorprone.html#closeresource" priority="3">
Ensure that resources like this PreparedStatement object are closed after use
</violation>
<violation beginline="695" endline="695" begincolumn="31" endcolumn="34" rule="CloseResource" ruleset="Error Prone" package="fr.xephi.authme.datasource" class="MySQL" method="getAllAuthsByIp" variable="pst" externalInfoUrl="https://docs.pmd-code.org/pmd-doc-7.0.0-rc3/pmd_rules_java_errorprone.html#closeresource" priority="3">
Ensure that resources like this PreparedStatement object are closed after use
</violation>
<violation beginline="697" endline="697" begincolumn="23" endcolumn="25" rule="CloseResource" ruleset="Error Prone" package="fr.xephi.authme.datasource" class="MySQL" method="getAllAuthsByIp" variable="rs" externalInfoUrl="https://docs.pmd-code.org/pmd-doc-7.0.0-rc3/pmd_rules_java_errorprone.html#closeresource" priority="3">
Ensure that resources like this ResultSet object are closed after use
</violation>
<violation beginline="714" endline="714" begincolumn="31" endcolumn="34" rule="CloseResource" ruleset="Error Prone" package="fr.xephi.authme.datasource" class="MySQL" method="getAllAuthsByEmail" variable="pst" externalInfoUrl="https://docs.pmd-code.org/pmd-doc-7.0.0-rc3/pmd_rules_java_errorprone.html#closeresource" priority="3">
Ensure that resources like this PreparedStatement object are closed after use
</violation>
<violation beginline="716" endline="716" begincolumn="23" endcolumn="25" rule="CloseResource" ruleset="Error Prone" package="fr.xephi.authme.datasource" class="MySQL" method="getAllAuthsByEmail" variable="rs" externalInfoUrl="https://docs.pmd-code.org/pmd-doc-7.0.0-rc3/pmd_rules_java_errorprone.html#closeresource" priority="3">
Ensure that resources like this ResultSet object are closed after use
</violation>
<violation beginline="731" endline="731" begincolumn="31" endcolumn="34" rule="CloseResource" ruleset="Error Prone" package="fr.xephi.authme.datasource" class="MySQL" method="purgeBanned" variable="pst" externalInfoUrl="https://docs.pmd-code.org/pmd-doc-7.0.0-rc3/pmd_rules_java_errorprone.html#closeresource" priority="3">
Ensure that resources like this PreparedStatement object are closed after use
</violation>
<violation beginline="752" endline="752" begincolumn="31" endcolumn="34" rule="CloseResource" ruleset="Error Prone" package="fr.xephi.authme.datasource" class="MySQL" method="isLogged" variable="pst" externalInfoUrl="https://docs.pmd-code.org/pmd-doc-7.0.0-rc3/pmd_rules_java_errorprone.html#closeresource" priority="3">
Ensure that resources like this PreparedStatement object are closed after use
</violation>
<violation beginline="754" endline="754" begincolumn="23" endcolumn="25" rule="CloseResource" ruleset="Error Prone" package="fr.xephi.authme.datasource" class="MySQL" method="isLogged" variable="rs" externalInfoUrl="https://docs.pmd-code.org/pmd-doc-7.0.0-rc3/pmd_rules_java_errorprone.html#closeresource" priority="3">
Ensure that resources like this ResultSet object are closed after use
</violation>
<violation beginline="766" endline="766" begincolumn="31" endcolumn="34" rule="CloseResource" ruleset="Error Prone" package="fr.xephi.authme.datasource" class="MySQL" method="setLogged" variable="pst" externalInfoUrl="https://docs.pmd-code.org/pmd-doc-7.0.0-rc3/pmd_rules_java_errorprone.html#closeresource" priority="3">
Ensure that resources like this PreparedStatement object are closed after use
</violation>
<violation beginline="780" endline="780" begincolumn="31" endcolumn="34" rule="CloseResource" ruleset="Error Prone" package="fr.xephi.authme.datasource" class="MySQL" method="setUnlogged" variable="pst" externalInfoUrl="https://docs.pmd-code.org/pmd-doc-7.0.0-rc3/pmd_rules_java_errorprone.html#closeresource" priority="3">
Ensure that resources like this PreparedStatement object are closed after use
</violation>
<violation beginline="794" endline="794" begincolumn="31" endcolumn="34" rule="CloseResource" ruleset="Error Prone" package="fr.xephi.authme.datasource" class="MySQL" method="purgeLogged" variable="pst" externalInfoUrl="https://docs.pmd-code.org/pmd-doc-7.0.0-rc3/pmd_rules_java_errorprone.html#closeresource" priority="3">
Ensure that resources like this PreparedStatement object are closed after use
</violation>
<violation beginline="808" endline="808" begincolumn="23" endcolumn="25" rule="CloseResource" ruleset="Error Prone" package="fr.xephi.authme.datasource" class="MySQL" method="getAccountsRegistered" variable="st" externalInfoUrl="https://docs.pmd-code.org/pmd-doc-7.0.0-rc3/pmd_rules_java_errorprone.html#closeresource" priority="3">
Ensure that resources like this Statement object are closed after use
</violation>
<violation beginline="809" endline="809" begincolumn="23" endcolumn="25" rule="CloseResource" ruleset="Error Prone" package="fr.xephi.authme.datasource" class="MySQL" method="getAccountsRegistered" variable="rs" externalInfoUrl="https://docs.pmd-code.org/pmd-doc-7.0.0-rc3/pmd_rules_java_errorprone.html#closeresource" priority="3">
Ensure that resources like this ResultSet object are closed after use
</violation>
<violation beginline="825" endline="825" begincolumn="31" endcolumn="34" rule="CloseResource" ruleset="Error Prone" package="fr.xephi.authme.datasource" class="MySQL" method="updateName" variable="pst" externalInfoUrl="https://docs.pmd-code.org/pmd-doc-7.0.0-rc3/pmd_rules_java_errorprone.html#closeresource" priority="3">
Ensure that resources like this PreparedStatement object are closed after use
</violation>
<violation beginline="838" endline="838" begincolumn="31" endcolumn="34" rule="CloseResource" ruleset="Error Prone" package="fr.xephi.authme.datasource" class="MySQL" method="updateRealName" variable="pst" externalInfoUrl="https://docs.pmd-code.org/pmd-doc-7.0.0-rc3/pmd_rules_java_errorprone.html#closeresource" priority="3">
Ensure that resources like this PreparedStatement object are closed after use
</violation>
<violation beginline="853" endline="853" begincolumn="31" endcolumn="34" rule="CloseResource" ruleset="Error Prone" package="fr.xephi.authme.datasource" class="MySQL" method="updateIp" variable="pst" externalInfoUrl="https://docs.pmd-code.org/pmd-doc-7.0.0-rc3/pmd_rules_java_errorprone.html#closeresource" priority="3">
Ensure that resources like this PreparedStatement object are closed after use
</violation>
<violation beginline="868" endline="868" begincolumn="23" endcolumn="25" rule="CloseResource" ruleset="Error Prone" package="fr.xephi.authme.datasource" class="MySQL" method="getAllAuths" variable="st" externalInfoUrl="https://docs.pmd-code.org/pmd-doc-7.0.0-rc3/pmd_rules_java_errorprone.html#closeresource" priority="3">
Ensure that resources like this Statement object are closed after use
</violation>
<violation beginline="869" endline="869" begincolumn="23" endcolumn="25" rule="CloseResource" ruleset="Error Prone" package="fr.xephi.authme.datasource" class="MySQL" method="getAllAuths" variable="rs" externalInfoUrl="https://docs.pmd-code.org/pmd-doc-7.0.0-rc3/pmd_rules_java_errorprone.html#closeresource" priority="3">
Ensure that resources like this ResultSet object are closed after use
</violation>
<violation beginline="870" endline="870" begincolumn="31" endcolumn="34" rule="CloseResource" ruleset="Error Prone" package="fr.xephi.authme.datasource" class="MySQL" method="getAllAuths" variable="pst" externalInfoUrl="https://docs.pmd-code.org/pmd-doc-7.0.0-rc3/pmd_rules_java_errorprone.html#closeresource" priority="3">
Ensure that resources like this PreparedStatement object are closed after use
</violation>
<violation beginline="876" endline="876" begincolumn="31" endcolumn="34" rule="CloseResource" ruleset="Error Prone" package="fr.xephi.authme.datasource" class="MySQL" method="getAllAuths" variable="rs2" externalInfoUrl="https://docs.pmd-code.org/pmd-doc-7.0.0-rc3/pmd_rules_java_errorprone.html#closeresource" priority="3">
Ensure that resources like this ResultSet object are closed after use
</violation>
<violation beginline="899" endline="899" begincolumn="23" endcolumn="25" rule="CloseResource" ruleset="Error Prone" package="fr.xephi.authme.datasource" class="MySQL" method="getLoggedPlayers" variable="st" externalInfoUrl="https://docs.pmd-code.org/pmd-doc-7.0.0-rc3/pmd_rules_java_errorprone.html#closeresource" priority="3">
Ensure that resources like this Statement object are closed after use
</violation>
<violation beginline="900" endline="900" begincolumn="23" endcolumn="25" rule="CloseResource" ruleset="Error Prone" package="fr.xephi.authme.datasource" class="MySQL" method="getLoggedPlayers" variable="rs" externalInfoUrl="https://docs.pmd-code.org/pmd-doc-7.0.0-rc3/pmd_rules_java_errorprone.html#closeresource" priority="3">
Ensure that resources like this ResultSet object are closed after use
</violation>
<violation beginline="901" endline="901" begincolumn="31" endcolumn="34" rule="CloseResource" ruleset="Error Prone" package="fr.xephi.authme.datasource" class="MySQL" method="getLoggedPlayers" variable="pst" externalInfoUrl="https://docs.pmd-code.org/pmd-doc-7.0.0-rc3/pmd_rules_java_errorprone.html#closeresource" priority="3">
Ensure that resources like this PreparedStatement object are closed after use
</violation>
<violation beginline="907" endline="907" begincolumn="31" endcolumn="34" rule="CloseResource" ruleset="Error Prone" package="fr.xephi.authme.datasource" class="MySQL" method="getLoggedPlayers" variable="rs2" externalInfoUrl="https://docs.pmd-code.org/pmd-doc-7.0.0-rc3/pmd_rules_java_errorprone.html#closeresource" priority="3">
Ensure that resources like this ResultSet object are closed after use
</violation>
<violation beginline="927" endline="927" begincolumn="31" endcolumn="34" rule="CloseResource" ruleset="Error Prone" package="fr.xephi.authme.datasource" class="MySQL" method="isEmailStored" variable="pst" externalInfoUrl="https://docs.pmd-code.org/pmd-doc-7.0.0-rc3/pmd_rules_java_errorprone.html#closeresource" priority="3">
Ensure that resources like this PreparedStatement object are closed after use
</violation>
<violation beginline="929" endline="929" begincolumn="23" endcolumn="25" rule="CloseResource" ruleset="Error Prone" package="fr.xephi.authme.datasource" class="MySQL" method="isEmailStored" variable="rs" externalInfoUrl="https://docs.pmd-code.org/pmd-doc-7.0.0-rc3/pmd_rules_java_errorprone.html#closeresource" priority="3">
Ensure that resources like this ResultSet object are closed after use
</violation>
<violation beginline="979" endline="979" begincolumn="31" endcolumn="34" rule="CloseResource" ruleset="Error Prone" package="fr.xephi.authme.datasource" class="MySQL" method="migrateLastLoginColumnToTimestamp" variable="pst" externalInfoUrl="https://docs.pmd-code.org/pmd-doc-7.0.0-rc3/pmd_rules_java_errorprone.html#closeresource" priority="3">
Ensure that resources like this PreparedStatement object are closed after use
</violation>
</file>
</pmd>
