<?xml version="1.0" encoding="UTF-8"?>
<pmd xmlns="http://pmd.sourceforge.net/report/2.0.0" xmlns:xsi="http://www.w3.org/2001/XMLSchema-instance" xsi:schemaLocation="http://pmd.sourceforge.net/report/2.0.0 http://pmd.sourceforge.net/report_2_0_0.xsd" version="7.0.0-rc3" timestamp="2023-10-22T11:32:57.124">
<file name="/mnt/disk3/lty/JLeaks/data/JavaFile/bug/f9a99300cafa72be3261aca1794230ffdd9a1d2bcc496b346399b836b88c03c2.java">
<violation beginline="333" endline="333" begincolumn="31" endcolumn="34" rule="CloseResource" ruleset="Error Prone" package="fr.xephi.authme.datasource" class="MySQL" method="saveAuth" variable="pst" externalInfoUrl="https://docs.pmd-code.org/pmd-doc-7.0.0-rc3/pmd_rules_java_errorprone.html#closeresource" priority="3">
Ensure that resources like this PreparedStatement object are closed after use
</violation>
<violation beginline="334" endline="334" begincolumn="31" endcolumn="35" rule="CloseResource" ruleset="Error Prone" package="fr.xephi.authme.datasource" class="MySQL" method="saveAuth" variable="pst2" externalInfoUrl="https://docs.pmd-code.org/pmd-doc-7.0.0-rc3/pmd_rules_java_errorprone.html#closeresource" priority="3">
Ensure that resources like this PreparedStatement object are closed after use
</violation>
<violation beginline="335" endline="335" begincolumn="23" endcolumn="25" rule="CloseResource" ruleset="Error Prone" package="fr.xephi.authme.datasource" class="MySQL" method="saveAuth" variable="rs" externalInfoUrl="https://docs.pmd-code.org/pmd-doc-7.0.0-rc3/pmd_rules_java_errorprone.html#closeresource" priority="3">
Ensure that resources like this ResultSet object are closed after use
</violation>
<violation beginline="608" endline="608" begincolumn="31" endcolumn="34" rule="CloseResource" ruleset="Error Prone" package="fr.xephi.authme.datasource" class="MySQL" method="updatePassword" variable="pst" externalInfoUrl="https://docs.pmd-code.org/pmd-doc-7.0.0-rc3/pmd_rules_java_errorprone.html#closeresource" priority="3">
Ensure that resources like this PreparedStatement object are closed after use
</violation>
<violation beginline="629" endline="629" begincolumn="27" endcolumn="29" rule="CloseResource" ruleset="Error Prone" package="fr.xephi.authme.datasource" class="MySQL" method="updatePassword" variable="rs" externalInfoUrl="https://docs.pmd-code.org/pmd-doc-7.0.0-rc3/pmd_rules_java_errorprone.html#closeresource" priority="3">
Ensure that resources like this ResultSet object are closed after use
</violation>
<violation beginline="634" endline="634" begincolumn="39" endcolumn="43" rule="CloseResource" ruleset="Error Prone" package="fr.xephi.authme.datasource" class="MySQL" method="updatePassword" variable="pst2" externalInfoUrl="https://docs.pmd-code.org/pmd-doc-7.0.0-rc3/pmd_rules_java_errorprone.html#closeresource" priority="3">
Ensure that resources like this PreparedStatement object are closed after use
</violation>
<violation beginline="928" endline="928" begincolumn="23" endcolumn="25" rule="CloseResource" ruleset="Error Prone" package="fr.xephi.authme.datasource" class="MySQL" method="getAllAuths" variable="st" externalInfoUrl="https://docs.pmd-code.org/pmd-doc-7.0.0-rc3/pmd_rules_java_errorprone.html#closeresource" priority="3">
Ensure that resources like this Statement object are closed after use
</violation>
<violation beginline="929" endline="929" begincolumn="23" endcolumn="25" rule="CloseResource" ruleset="Error Prone" package="fr.xephi.authme.datasource" class="MySQL" method="getAllAuths" variable="rs" externalInfoUrl="https://docs.pmd-code.org/pmd-doc-7.0.0-rc3/pmd_rules_java_errorprone.html#closeresource" priority="3">
Ensure that resources like this ResultSet object are closed after use
</violation>
<violation beginline="936" endline="936" begincolumn="35" endcolumn="38" rule="CloseResource" ruleset="Error Prone" package="fr.xephi.authme.datasource" class="MySQL" method="getAllAuths" variable="rs2" externalInfoUrl="https://docs.pmd-code.org/pmd-doc-7.0.0-rc3/pmd_rules_java_errorprone.html#closeresource" priority="3">
Ensure that resources like this ResultSet object are closed after use
</violation>
<violation beginline="1058" endline="1058" begincolumn="27" endcolumn="30" rule="CloseResource" ruleset="Error Prone" package="fr.xephi.authme.datasource" class="MySQL" method="migrateLastLoginColumnFromTimestamp" variable="pst" externalInfoUrl="https://docs.pmd-code.org/pmd-doc-7.0.0-rc3/pmd_rules_java_errorprone.html#closeresource" priority="3">
Ensure that resources like this PreparedStatement object are closed after use
</violation>
</file>
</pmd>
