<?xml version="1.0" encoding="UTF-8"?>
<pmd xmlns="http://pmd.sourceforge.net/report/2.0.0" xmlns:xsi="http://www.w3.org/2001/XMLSchema-instance" xsi:schemaLocation="http://pmd.sourceforge.net/report/2.0.0 http://pmd.sourceforge.net/report_2_0_0.xsd" version="7.0.0-rc3" timestamp="2023-10-22T11:32:54.006">
<file name="/mnt/disk3/lty/JLeaks/data/JavaFile/bug/2ef22b4d1b603b5b4877fdcfc343201051bec16e0a0d45250a793ad9b46d5f30.java">
<violation beginline="139" endline="139" begincolumn="23" endcolumn="25" rule="CloseResource" ruleset="Error Prone" package="fr.xephi.authme.datasource" class="MySQL" method="setupConnection" variable="st" externalInfoUrl="https://docs.pmd-code.org/pmd-doc-7.0.0-rc3/pmd_rules_java_errorprone.html#closeresource" priority="3">
Ensure that resources like this Statement object are closed after use
</violation>
<violation beginline="159" endline="159" begincolumn="23" endcolumn="25" rule="CloseResource" ruleset="Error Prone" package="fr.xephi.authme.datasource" class="MySQL" method="setupConnection" variable="rs" externalInfoUrl="https://docs.pmd-code.org/pmd-doc-7.0.0-rc3/pmd_rules_java_errorprone.html#closeresource" priority="3">
Ensure that resources like this ResultSet object are closed after use
</violation>
<violation beginline="322" endline="322" begincolumn="31" endcolumn="34" rule="CloseResource" ruleset="Error Prone" package="fr.xephi.authme.datasource" class="MySQL" method="saveAuth" variable="pst" externalInfoUrl="https://docs.pmd-code.org/pmd-doc-7.0.0-rc3/pmd_rules_java_errorprone.html#closeresource" priority="3">
Ensure that resources like this PreparedStatement object are closed after use
</violation>
<violation beginline="323" endline="323" begincolumn="31" endcolumn="35" rule="CloseResource" ruleset="Error Prone" package="fr.xephi.authme.datasource" class="MySQL" method="saveAuth" variable="pst2" externalInfoUrl="https://docs.pmd-code.org/pmd-doc-7.0.0-rc3/pmd_rules_java_errorprone.html#closeresource" priority="3">
Ensure that resources like this PreparedStatement object are closed after use
</violation>
<violation beginline="324" endline="324" begincolumn="23" endcolumn="25" rule="CloseResource" ruleset="Error Prone" package="fr.xephi.authme.datasource" class="MySQL" method="saveAuth" variable="rs" externalInfoUrl="https://docs.pmd-code.org/pmd-doc-7.0.0-rc3/pmd_rules_java_errorprone.html#closeresource" priority="3">
Ensure that resources like this ResultSet object are closed after use
</violation>
<violation beginline="530" endline="530" begincolumn="31" endcolumn="34" rule="CloseResource" ruleset="Error Prone" package="fr.xephi.authme.datasource" class="MySQL" method="updatePassword" variable="pst" externalInfoUrl="https://docs.pmd-code.org/pmd-doc-7.0.0-rc3/pmd_rules_java_errorprone.html#closeresource" priority="3">
Ensure that resources like this PreparedStatement object are closed after use
</violation>
<violation beginline="551" endline="551" begincolumn="27" endcolumn="29" rule="CloseResource" ruleset="Error Prone" package="fr.xephi.authme.datasource" class="MySQL" method="updatePassword" variable="rs" externalInfoUrl="https://docs.pmd-code.org/pmd-doc-7.0.0-rc3/pmd_rules_java_errorprone.html#closeresource" priority="3">
Ensure that resources like this ResultSet object are closed after use
</violation>
<violation beginline="556" endline="556" begincolumn="39" endcolumn="43" rule="CloseResource" ruleset="Error Prone" package="fr.xephi.authme.datasource" class="MySQL" method="updatePassword" variable="pst2" externalInfoUrl="https://docs.pmd-code.org/pmd-doc-7.0.0-rc3/pmd_rules_java_errorprone.html#closeresource" priority="3">
Ensure that resources like this PreparedStatement object are closed after use
</violation>
<violation beginline="627" endline="627" begincolumn="31" endcolumn="34" rule="CloseResource" ruleset="Error Prone" package="fr.xephi.authme.datasource" class="MySQL" method="removeAuth" variable="pst" externalInfoUrl="https://docs.pmd-code.org/pmd-doc-7.0.0-rc3/pmd_rules_java_errorprone.html#closeresource" priority="3">
Ensure that resources like this PreparedStatement object are closed after use
</violation>
<violation beginline="632" endline="632" begincolumn="27" endcolumn="29" rule="CloseResource" ruleset="Error Prone" package="fr.xephi.authme.datasource" class="MySQL" method="removeAuth" variable="rs" externalInfoUrl="https://docs.pmd-code.org/pmd-doc-7.0.0-rc3/pmd_rules_java_errorprone.html#closeresource" priority="3">
Ensure that resources like this ResultSet object are closed after use
</violation>
<violation beginline="636" endline="636" begincolumn="39" endcolumn="41" rule="CloseResource" ruleset="Error Prone" package="fr.xephi.authme.datasource" class="MySQL" method="removeAuth" variable="st" externalInfoUrl="https://docs.pmd-code.org/pmd-doc-7.0.0-rc3/pmd_rules_java_errorprone.html#closeresource" priority="3">
Ensure that resources like this PreparedStatement object are closed after use
</violation>
<violation beginline="854" endline="854" begincolumn="23" endcolumn="25" rule="CloseResource" ruleset="Error Prone" package="fr.xephi.authme.datasource" class="MySQL" method="getAllAuths" variable="st" externalInfoUrl="https://docs.pmd-code.org/pmd-doc-7.0.0-rc3/pmd_rules_java_errorprone.html#closeresource" priority="3">
Ensure that resources like this Statement object are closed after use
</violation>
<violation beginline="855" endline="855" begincolumn="23" endcolumn="25" rule="CloseResource" ruleset="Error Prone" package="fr.xephi.authme.datasource" class="MySQL" method="getAllAuths" variable="rs" externalInfoUrl="https://docs.pmd-code.org/pmd-doc-7.0.0-rc3/pmd_rules_java_errorprone.html#closeresource" priority="3">
Ensure that resources like this ResultSet object are closed after use
</violation>
<violation beginline="862" endline="862" begincolumn="35" endcolumn="38" rule="CloseResource" ruleset="Error Prone" package="fr.xephi.authme.datasource" class="MySQL" method="getAllAuths" variable="rs2" externalInfoUrl="https://docs.pmd-code.org/pmd-doc-7.0.0-rc3/pmd_rules_java_errorprone.html#closeresource" priority="3">
Ensure that resources like this ResultSet object are closed after use
</violation>
<violation beginline="885" endline="885" begincolumn="23" endcolumn="25" rule="CloseResource" ruleset="Error Prone" package="fr.xephi.authme.datasource" class="MySQL" method="getLoggedPlayers" variable="st" externalInfoUrl="https://docs.pmd-code.org/pmd-doc-7.0.0-rc3/pmd_rules_java_errorprone.html#closeresource" priority="3">
Ensure that resources like this Statement object are closed after use
</violation>
<violation beginline="886" endline="886" begincolumn="23" endcolumn="25" rule="CloseResource" ruleset="Error Prone" package="fr.xephi.authme.datasource" class="MySQL" method="getLoggedPlayers" variable="rs" externalInfoUrl="https://docs.pmd-code.org/pmd-doc-7.0.0-rc3/pmd_rules_java_errorprone.html#closeresource" priority="3">
Ensure that resources like this ResultSet object are closed after use
</violation>
<violation beginline="887" endline="887" begincolumn="31" endcolumn="34" rule="CloseResource" ruleset="Error Prone" package="fr.xephi.authme.datasource" class="MySQL" method="getLoggedPlayers" variable="pst" externalInfoUrl="https://docs.pmd-code.org/pmd-doc-7.0.0-rc3/pmd_rules_java_errorprone.html#closeresource" priority="3">
Ensure that resources like this PreparedStatement object are closed after use
</violation>
<violation beginline="893" endline="893" begincolumn="31" endcolumn="34" rule="CloseResource" ruleset="Error Prone" package="fr.xephi.authme.datasource" class="MySQL" method="getLoggedPlayers" variable="rs2" externalInfoUrl="https://docs.pmd-code.org/pmd-doc-7.0.0-rc3/pmd_rules_java_errorprone.html#closeresource" priority="3">
Ensure that resources like this ResultSet object are closed after use
</violation>
<violation beginline="956" endline="956" begincolumn="31" endcolumn="34" rule="CloseResource" ruleset="Error Prone" package="fr.xephi.authme.datasource" class="MySQL" method="migrateLastLoginColumnToBigInt" variable="pst" externalInfoUrl="https://docs.pmd-code.org/pmd-doc-7.0.0-rc3/pmd_rules_java_errorprone.html#closeresource" priority="3">
Ensure that resources like this PreparedStatement object are closed after use
</violation>
</file>
</pmd>
