<?xml version="1.0" encoding="UTF-8"?>
<pmd xmlns="http://pmd.sourceforge.net/report/2.0.0" xmlns:xsi="http://www.w3.org/2001/XMLSchema-instance" xsi:schemaLocation="http://pmd.sourceforge.net/report/2.0.0 http://pmd.sourceforge.net/report_2_0_0.xsd" version="7.0.0-rc3" timestamp="2023-10-22T11:35:29.014">
<file name="/mnt/disk3/lty/JLeaks/data/JavaFile/bug/f811c4e77f4c130c16923844a8017d1a4ddd4606f864f47915603a2fef3b0add.java">
<violation beginline="94" endline="94" begincolumn="24" endcolumn="34" rule="CloseResource" ruleset="Error Prone" package="com.azure.management.sql.samples" class="GettingSqlServerMetrics" method="runSample" variable="connection" externalInfoUrl="https://docs.pmd-code.org/pmd-doc-7.0.0-rc3/pmd_rules_java_errorprone.html#closeresource" priority="3">
Ensure that resources like this Connection object are closed after use
</violation>
<violation beginline="101" endline="101" begincolumn="23" endcolumn="32" rule="CloseResource" ruleset="Error Prone" package="com.azure.management.sql.samples" class="GettingSqlServerMetrics" method="runSample" variable="statement" externalInfoUrl="https://docs.pmd-code.org/pmd-doc-7.0.0-rc3/pmd_rules_java_errorprone.html#closeresource" priority="3">
Ensure that resources like this Statement object are closed after use
</violation>
<violation beginline="103" endline="103" begincolumn="23" endcolumn="32" rule="CloseResource" ruleset="Error Prone" package="com.azure.management.sql.samples" class="GettingSqlServerMetrics" method="runSample" variable="resultSet" externalInfoUrl="https://docs.pmd-code.org/pmd-doc-7.0.0-rc3/pmd_rules_java_errorprone.html#closeresource" priority="3">
Ensure that resources like this ResultSet object are closed after use
</violation>
<violation beginline="118" endline="118" begincolumn="31" endcolumn="49" rule="CloseResource" ruleset="Error Prone" package="com.azure.management.sql.samples" class="GettingSqlServerMetrics" method="runSample" variable="prepsInsertProduct" externalInfoUrl="https://docs.pmd-code.org/pmd-doc-7.0.0-rc3/pmd_rules_java_errorprone.html#closeresource" priority="3">
Ensure that resources like this PreparedStatement object are closed after use
</violation>
<violation beginline="124" endline="124" begincolumn="23" endcolumn="33" rule="CloseResource" ruleset="Error Prone" package="com.azure.management.sql.samples" class="GettingSqlServerMetrics" method="runSample" variable="resultSet2" externalInfoUrl="https://docs.pmd-code.org/pmd-doc-7.0.0-rc3/pmd_rules_java_errorprone.html#closeresource" priority="3">
Ensure that resources like this ResultSet object are closed after use
</violation>
<violation beginline="134" endline="134" begincolumn="23" endcolumn="27" rule="CloseResource" ruleset="Error Prone" package="com.azure.management.sql.samples" class="GettingSqlServerMetrics" method="runSample" variable="stmt" externalInfoUrl="https://docs.pmd-code.org/pmd-doc-7.0.0-rc3/pmd_rules_java_errorprone.html#closeresource" priority="3">
Ensure that resources like this Statement object are closed after use
</violation>
</file>
</pmd>
