<?xml version="1.0" encoding="UTF-8"?>
<pmd xmlns="http://pmd.sourceforge.net/report/2.0.0" xmlns:xsi="http://www.w3.org/2001/XMLSchema-instance" xsi:schemaLocation="http://pmd.sourceforge.net/report/2.0.0 http://pmd.sourceforge.net/report_2_0_0.xsd" version="7.0.0-rc3" timestamp="2023-10-22T11:35:54.683">
<file name="/mnt/disk3/lty/JLeaks/data/JavaFile/bug/848d93f8ee27343cd8affe9cd42dace1b2e70dc3102e9a94e47a4034d6290b08.java">
<violation beginline="75" endline="75" begincolumn="25" endcolumn="28" rule="CloseResource" ruleset="Error Prone" package="org.batfish.common.plugin" class="PluginConsumer" method="deserializeObject" variable="ois" externalInfoUrl="https://docs.pmd-code.org/pmd-doc-7.0.0-rc3/pmd_rules_java_errorprone.html#closeresource" priority="3">
Ensure that resources like this ObjectInputStream object are closed after use
</violation>
<violation beginline="100" endline="100" begincolumn="23" endcolumn="26" rule="CloseResource" ruleset="Error Prone" package="org.batfish.common.plugin" class="PluginConsumer" method="fromGzipFile" variable="fis" externalInfoUrl="https://docs.pmd-code.org/pmd-doc-7.0.0-rc3/pmd_rules_java_errorprone.html#closeresource" priority="3">
Ensure that resources like this FileInputStream object are closed after use
</violation>
<violation beginline="101" endline="101" begincolumn="23" endcolumn="26" rule="CloseResource" ruleset="Error Prone" package="org.batfish.common.plugin" class="PluginConsumer" method="fromGzipFile" variable="gis" externalInfoUrl="https://docs.pmd-code.org/pmd-doc-7.0.0-rc3/pmd_rules_java_errorprone.html#closeresource" priority="3">
Ensure that resources like this GZIPInputStream object are closed after use
</violation>
<violation beginline="137" endline="137" begincolumn="24" endcolumn="26" rule="CloseResource" ruleset="Error Prone" package="org.batfish.common.plugin" class="PluginConsumer" method="loadPluginJar" variable="cl" externalInfoUrl="https://docs.pmd-code.org/pmd-doc-7.0.0-rc3/pmd_rules_java_errorprone.html#closeresource" priority="3">
Ensure that resources like this URLClassLoader object are closed after use
</violation>
<violation beginline="140" endline="140" begincolumn="17" endcolumn="20" rule="CloseResource" ruleset="Error Prone" package="org.batfish.common.plugin" class="PluginConsumer" method="loadPluginJar" variable="jar" externalInfoUrl="https://docs.pmd-code.org/pmd-doc-7.0.0-rc3/pmd_rules_java_errorprone.html#closeresource" priority="3">
Ensure that resources like this JarFile object are closed after use
</violation>
<violation beginline="169" endline="169" begincolumn="26" endcolumn="28" rule="CloseResource" ruleset="Error Prone" package="org.batfish.common.plugin" class="PluginConsumer" method="loadPluginFolder" variable="cl" externalInfoUrl="https://docs.pmd-code.org/pmd-doc-7.0.0-rc3/pmd_rules_java_errorprone.html#closeresource" priority="3">
Ensure that resources like this URLClassLoader object are closed after use
</violation>
<violation beginline="280" endline="280" begincolumn="26" endcolumn="29" rule="CloseResource" ruleset="Error Prone" package="org.batfish.common.plugin" class="PluginConsumer" method="toGzipData" variable="oos" externalInfoUrl="https://docs.pmd-code.org/pmd-doc-7.0.0-rc3/pmd_rules_java_errorprone.html#closeresource" priority="3">
Ensure that resources like this ObjectOutputStream object are closed after use
</violation>
</file>
</pmd>
