<?xml version="1.0" encoding="UTF-8"?>
<pmd xmlns="http://pmd.sourceforge.net/report/2.0.0" xmlns:xsi="http://www.w3.org/2001/XMLSchema-instance" xsi:schemaLocation="http://pmd.sourceforge.net/report/2.0.0 http://pmd.sourceforge.net/report_2_0_0.xsd" version="7.0.0-rc3" timestamp="2023-10-22T11:36:18.165">
<file name="/mnt/disk3/lty/JLeaks/data/JavaFile/bug/6b53666b8b3269504a313a1ed2d37e7538bccfe04737d49ca8084b596830de03.java">
<violation beginline="197" endline="197" begincolumn="21" endcolumn="23" rule="CloseResource" ruleset="Error Prone" package="org.biojava.nbio.structure.rcsb" class="PdbIdLists" method="postQuery" variable="in" externalInfoUrl="https://docs.pmd-code.org/pmd-doc-7.0.0-rc3/pmd_rules_java_errorprone.html#closeresource" priority="3">
Ensure that resources like this InputStream object are closed after use
</violation>
<violation beginline="202" endline="202" begincolumn="24" endcolumn="26" rule="CloseResource" ruleset="Error Prone" package="org.biojava.nbio.structure.rcsb" class="PdbIdLists" method="postQuery" variable="rd" externalInfoUrl="https://docs.pmd-code.org/pmd-doc-7.0.0-rc3/pmd_rules_java_errorprone.html#closeresource" priority="3">
Ensure that resources like this BufferedReader object are closed after use
</violation>
<violation beginline="237" endline="237" begincolumn="28" endcolumn="30" rule="CloseResource" ruleset="Error Prone" package="org.biojava.nbio.structure.rcsb" class="PdbIdLists" method="doPOST" variable="wr" externalInfoUrl="https://docs.pmd-code.org/pmd-doc-7.0.0-rc3/pmd_rules_java_errorprone.html#closeresource" priority="3">
Ensure that resources like this OutputStreamWriter object are closed after use
</violation>
</file>
</pmd>
