<?xml version="1.0" encoding="UTF-8"?>
<pmd xmlns="http://pmd.sourceforge.net/report/2.0.0" xmlns:xsi="http://www.w3.org/2001/XMLSchema-instance" xsi:schemaLocation="http://pmd.sourceforge.net/report/2.0.0 http://pmd.sourceforge.net/report_2_0_0.xsd" version="7.0.0-rc3" timestamp="2023-10-22T12:14:47.774">
<file name="/mnt/disk3/lty/JLeaks/data/JavaFile/bug/492380254ac98e020cb397de1f500600cf5bf4d9c10f041fa50b73eef09bed50.java">
<violation beginline="54" endline="54" begincolumn="18" endcolumn="21" rule="CloseResource" ruleset="Error Prone" package="the.bytecode.club.bytecodeviewer" class="JarUtils" method="put" variable="jis" externalInfoUrl="https://docs.pmd-code.org/pmd-doc-7.0.0-rc3/pmd_rules_java_errorprone.html#closeresource" priority="3">
Ensure that resources like this ZipInputStream object are closed after use
</violation>
<violation beginline="83" endline="83" begincolumn="18" endcolumn="21" rule="CloseResource" ruleset="Error Prone" package="the.bytecode.club.bytecodeviewer" class="JarUtils" method="loadClasses" variable="jis" externalInfoUrl="https://docs.pmd-code.org/pmd-doc-7.0.0-rc3/pmd_rules_java_errorprone.html#closeresource" priority="3">
Ensure that resources like this ZipInputStream object are closed after use
</violation>
<violation beginline="124" endline="124" begincolumn="18" endcolumn="21" rule="CloseResource" ruleset="Error Prone" package="the.bytecode.club.bytecodeviewer" class="JarUtils" method="loadResources" variable="jis" externalInfoUrl="https://docs.pmd-code.org/pmd-doc-7.0.0-rc3/pmd_rules_java_errorprone.html#closeresource" priority="3">
Ensure that resources like this ZipInputStream object are closed after use
</violation>
<violation beginline="196" endline="196" begincolumn="20" endcolumn="23" rule="CloseResource" ruleset="Error Prone" package="the.bytecode.club.bytecodeviewer" class="JarUtils" method="saveAsJar" variable="out" externalInfoUrl="https://docs.pmd-code.org/pmd-doc-7.0.0-rc3/pmd_rules_java_errorprone.html#closeresource" priority="3">
Ensure that resources like this JarOutputStream object are closed after use
</violation>
<violation beginline="234" endline="234" begincolumn="20" endcolumn="23" rule="CloseResource" ruleset="Error Prone" package="the.bytecode.club.bytecodeviewer" class="JarUtils" method="saveAsJarClassesOnly" variable="out" externalInfoUrl="https://docs.pmd-code.org/pmd-doc-7.0.0-rc3/pmd_rules_java_errorprone.html#closeresource" priority="3">
Ensure that resources like this JarOutputStream object are closed after use
</violation>
<violation beginline="259" endline="259" begincolumn="20" endcolumn="23" rule="CloseResource" ruleset="Error Prone" package="the.bytecode.club.bytecodeviewer" class="JarUtils" method="saveAsJarClassesOnly" variable="out" externalInfoUrl="https://docs.pmd-code.org/pmd-doc-7.0.0-rc3/pmd_rules_java_errorprone.html#closeresource" priority="3">
Ensure that resources like this JarOutputStream object are closed after use
</violation>
<violation beginline="280" endline="280" begincolumn="20" endcolumn="23" rule="CloseResource" ruleset="Error Prone" package="the.bytecode.club.bytecodeviewer" class="JarUtils" method="saveAsJar" variable="out" externalInfoUrl="https://docs.pmd-code.org/pmd-doc-7.0.0-rc3/pmd_rules_java_errorprone.html#closeresource" priority="3">
Ensure that resources like this JarOutputStream object are closed after use
</violation>
</file>
</pmd>
