<?xml version="1.0" encoding="UTF-8"?>
<pmd xmlns="http://pmd.sourceforge.net/report/2.0.0" xmlns:xsi="http://www.w3.org/2001/XMLSchema-instance" xsi:schemaLocation="http://pmd.sourceforge.net/report/2.0.0 http://pmd.sourceforge.net/report_2_0_0.xsd" version="7.0.0-rc3" timestamp="2023-10-22T11:38:23.972">
<file name="/mnt/disk3/lty/JLeaks/data/JavaFile/bug/ae25132326a3afd3258220ea7ec2c593f062798b068037c1865e782da73b6002.java">
<violation beginline="305" endline="305" begincolumn="16" endcolumn="21" rule="CloseResource" ruleset="Error Prone" package="cgeo.geocaching" class="cgData" method="backupDatabase" variable="input" externalInfoUrl="https://docs.pmd-code.org/pmd-doc-7.0.0-rc3/pmd_rules_java_errorprone.html#closeresource" priority="3">
Ensure that resources like this FileInputStream object are closed after use
</violation>
<violation beginline="306" endline="306" begincolumn="17" endcolumn="23" rule="CloseResource" ruleset="Error Prone" package="cgeo.geocaching" class="cgData" method="backupDatabase" variable="output" externalInfoUrl="https://docs.pmd-code.org/pmd-doc-7.0.0-rc3/pmd_rules_java_errorprone.html#closeresource" priority="3">
Ensure that resources like this FileOutputStream object are closed after use
</violation>
<violation beginline="367" endline="367" begincolumn="16" endcolumn="21" rule="CloseResource" ruleset="Error Prone" package="cgeo.geocaching" class="cgData" method="restoreDatabase" variable="input" externalInfoUrl="https://docs.pmd-code.org/pmd-doc-7.0.0-rc3/pmd_rules_java_errorprone.html#closeresource" priority="3">
Ensure that resources like this FileInputStream object are closed after use
</violation>
<violation beginline="368" endline="368" begincolumn="17" endcolumn="23" rule="CloseResource" ruleset="Error Prone" package="cgeo.geocaching" class="cgData" method="restoreDatabase" variable="output" externalInfoUrl="https://docs.pmd-code.org/pmd-doc-7.0.0-rc3/pmd_rules_java_errorprone.html#closeresource" priority="3">
Ensure that resources like this FileOutputStream object are closed after use
</violation>
</file>
</pmd>
