<?xml version="1.0" encoding="UTF-8"?>
<pmd xmlns="http://pmd.sourceforge.net/report/2.0.0" xmlns:xsi="http://www.w3.org/2001/XMLSchema-instance" xsi:schemaLocation="http://pmd.sourceforge.net/report/2.0.0 http://pmd.sourceforge.net/report_2_0_0.xsd" version="7.0.0-rc3" timestamp="2023-10-22T14:18:46.855">
<file name="/mnt/disk3/lty/JLeaks/data/JavaFile/bug/384684457e2501a9bb79d1a90ecd2ebe1c78cd153754cc37dc7baa334847c993.java">
<violation beginline="580" endline="580" begincolumn="21" endcolumn="27" rule="CloseResource" ruleset="Error Prone" package="org.checkerframework.framework.util" class="CheckerMain" method="outputArgumentsToFile" variable="writer" externalInfoUrl="https://docs.pmd-code.org/pmd-doc-7.0.0-rc3/pmd_rules_java_errorprone.html#closeresource" priority="3">
Ensure that resources like this PrintWriter object are closed after use
</violation>
<violation beginline="597" endline="597" begincolumn="28" endcolumn="30" rule="CloseResource" ruleset="Error Prone" package="org.checkerframework.framework.util" class="CheckerMain" method="outputArgumentsToFile" variable="br" externalInfoUrl="https://docs.pmd-code.org/pmd-doc-7.0.0-rc3/pmd_rules_java_errorprone.html#closeresource" priority="3">
Ensure that resources like this BufferedReader object are closed after use
</violation>
<violation beginline="832" endline="832" begincolumn="28" endcolumn="40" rule="CloseResource" ruleset="Error Prone" package="org.checkerframework.framework.util" class="CheckerMain" method="getAllCheckerClassNames" variable="checkerJarIs" externalInfoUrl="https://docs.pmd-code.org/pmd-doc-7.0.0-rc3/pmd_rules_java_errorprone.html#closeresource" priority="3">
Ensure that resources like this JarInputStream object are closed after use
</violation>
</file>
</pmd>
