<?xml version="1.0" encoding="UTF-8"?>
<pmd xmlns="http://pmd.sourceforge.net/report/2.0.0" xmlns:xsi="http://www.w3.org/2001/XMLSchema-instance" xsi:schemaLocation="http://pmd.sourceforge.net/report/2.0.0 http://pmd.sourceforge.net/report_2_0_0.xsd" version="7.0.0-rc3" timestamp="2023-10-22T11:22:49.056">
<file name="/mnt/disk3/lty/JLeaks/data/JavaFile/bug/49649b289efb97f1dd78cd053319dd029dadcedc5815608657f27d402193d9d8.java">
<violation beginline="146" endline="146" begincolumn="36" endcolumn="43" rule="CloseResource" ruleset="Error Prone" package="com.cloud.utils.crypt" class="EncryptionSecretKeyChanger" method="main" variable="fwriter" externalInfoUrl="https://docs.pmd-code.org/pmd-doc-7.0.0-rc3/pmd_rules_java_errorprone.html#closeresource" priority="3">
Ensure that resources like this FileWriter object are closed after use
</violation>
<violation beginline="147" endline="147" begincolumn="40" endcolumn="47" rule="CloseResource" ruleset="Error Prone" package="com.cloud.utils.crypt" class="EncryptionSecretKeyChanger" method="main" variable="bwriter" externalInfoUrl="https://docs.pmd-code.org/pmd-doc-7.0.0-rc3/pmd_rules_java_errorprone.html#closeresource" priority="3">
Ensure that resources like this BufferedWriter object are closed after use
</violation>
<violation beginline="184" endline="184" begincolumn="32" endcolumn="39" rule="CloseResource" ruleset="Error Prone" package="com.cloud.utils.crypt" class="EncryptionSecretKeyChanger" method="main" variable="fwriter" externalInfoUrl="https://docs.pmd-code.org/pmd-doc-7.0.0-rc3/pmd_rules_java_errorprone.html#closeresource" priority="3">
Ensure that resources like this FileWriter object are closed after use
</violation>
<violation beginline="185" endline="185" begincolumn="36" endcolumn="43" rule="CloseResource" ruleset="Error Prone" package="com.cloud.utils.crypt" class="EncryptionSecretKeyChanger" method="main" variable="bwriter" externalInfoUrl="https://docs.pmd-code.org/pmd-doc-7.0.0-rc3/pmd_rules_java_errorprone.html#closeresource" priority="3">
Ensure that resources like this BufferedWriter object are closed after use
</violation>
<violation beginline="232" endline="232" begincolumn="24" endcolumn="28" rule="CloseResource" ruleset="Error Prone" package="com.cloud.utils.crypt" class="EncryptionSecretKeyChanger" method="migrateData" variable="conn" externalInfoUrl="https://docs.pmd-code.org/pmd-doc-7.0.0-rc3/pmd_rules_java_errorprone.html#closeresource" priority="3">
Ensure that resources like this Connection object are closed after use
</violation>
</file>
</pmd>
