<?xml version="1.0" encoding="UTF-8"?>
<pmd xmlns="http://pmd.sourceforge.net/report/2.0.0" xmlns:xsi="http://www.w3.org/2001/XMLSchema-instance" xsi:schemaLocation="http://pmd.sourceforge.net/report/2.0.0 http://pmd.sourceforge.net/report_2_0_0.xsd" version="7.0.0-rc3" timestamp="2023-10-22T11:22:32.463">
<file name="/mnt/disk3/lty/JLeaks/data/JavaFile/bug/92ee6e8664cbc52bd41bed38256260f050a1e59ca5f0d4bdd3f055d7526a8201.java">
<violation beginline="226" endline="228" begincolumn="17" endcolumn="94" rule="CloseResource" ruleset="Error Prone" package="com.cloud.upgrade.dao" class="Upgrade420to421" method="upgradeResourceCount" externalInfoUrl="https://docs.pmd-code.org/pmd-doc-7.0.0-rc3/pmd_rules_java_errorprone.html#closeresource" priority="3">
'pstmt5' is reassigned, but the original instance is not closed
</violation>
<violation beginline="230" endline="230" begincolumn="17" endcolumn="49" rule="CloseResource" ruleset="Error Prone" package="com.cloud.upgrade.dao" class="Upgrade420to421" method="upgradeResourceCount" externalInfoUrl="https://docs.pmd-code.org/pmd-doc-7.0.0-rc3/pmd_rules_java_errorprone.html#closeresource" priority="3">
'rsCount' is reassigned, but the original instance is not closed
</violation>
<violation beginline="270" endline="270" begincolumn="27" endcolumn="32" rule="CloseResource" ruleset="Error Prone" package="com.cloud.upgrade.dao" class="Upgrade420to421" method="upgradeResourceCountforAccount" variable="pstmt" externalInfoUrl="https://docs.pmd-code.org/pmd-doc-7.0.0-rc3/pmd_rules_java_errorprone.html#closeresource" priority="3">
Ensure that resources like this PreparedStatement object are closed after use
</violation>
<violation beginline="283" endline="283" begincolumn="27" endcolumn="32" rule="CloseResource" ruleset="Error Prone" package="com.cloud.upgrade.dao" class="Upgrade420to421" method="upgradeResourceCountforDomain" variable="pstmt" externalInfoUrl="https://docs.pmd-code.org/pmd-doc-7.0.0-rc3/pmd_rules_java_errorprone.html#closeresource" priority="3">
Ensure that resources like this PreparedStatement object are closed after use
</violation>
</file>
</pmd>
