<?xml version="1.0" encoding="UTF-8"?>
<pmd xmlns="http://pmd.sourceforge.net/report/2.0.0" xmlns:xsi="http://www.w3.org/2001/XMLSchema-instance" xsi:schemaLocation="http://pmd.sourceforge.net/report/2.0.0 http://pmd.sourceforge.net/report_2_0_0.xsd" version="7.0.0-rc3" timestamp="2023-10-22T11:22:43.074">
<file name="/mnt/disk3/lty/JLeaks/data/JavaFile/bug/d5bd73e4f9e891466a2c19a991cd0c9d5152eeea97bbdd899a471728b6ddd6f7.java">
<violation beginline="522" endline="522" begincolumn="26" endcolumn="30" rule="CloseResource" ruleset="Error Prone" package="com.cloud.hypervisor.xenserver.resource" class="CitrixResourceBase" method="CheckXenHostInfo" variable="conn" externalInfoUrl="https://docs.pmd-code.org/pmd-doc-7.0.0-rc3/pmd_rules_java_errorprone.html#closeresource" priority="3">
Ensure that resources like this Connection object are closed after use
</violation>
<violation beginline="584" endline="584" begincolumn="26" endcolumn="30" rule="CloseResource" ruleset="Error Prone" package="com.cloud.hypervisor.xenserver.resource" class="CitrixResourceBase" method="cleanupNetworkElementCommand" variable="conn" externalInfoUrl="https://docs.pmd-code.org/pmd-doc-7.0.0-rc3/pmd_rules_java_errorprone.html#closeresource" priority="3">
Ensure that resources like this Connection object are closed after use
</violation>
<violation beginline="945" endline="945" begincolumn="26" endcolumn="30" rule="CloseResource" ruleset="Error Prone" package="com.cloud.hypervisor.xenserver.resource" class="CitrixResourceBase" method="createFileInVR" variable="conn" externalInfoUrl="https://docs.pmd-code.org/pmd-doc-7.0.0-rc3/pmd_rules_java_errorprone.html#closeresource" priority="3">
Ensure that resources like this Connection object are closed after use
</violation>
<violation beginline="2471" endline="2471" begincolumn="26" endcolumn="30" rule="CloseResource" ruleset="Error Prone" package="com.cloud.hypervisor.xenserver.resource" class="CitrixResourceBase" method="getLabel" variable="conn" externalInfoUrl="https://docs.pmd-code.org/pmd-doc-7.0.0-rc3/pmd_rules_java_errorprone.html#closeresource" priority="3">
Ensure that resources like this Connection object are closed after use
</violation>
<violation beginline="3467" endline="3467" begincolumn="26" endcolumn="30" rule="CloseResource" ruleset="Error Prone" package="com.cloud.hypervisor.xenserver.resource" class="CitrixResourceBase" method="initialize" variable="conn" externalInfoUrl="https://docs.pmd-code.org/pmd-doc-7.0.0-rc3/pmd_rules_java_errorprone.html#closeresource" priority="3">
Ensure that resources like this Connection object are closed after use
</violation>
<violation beginline="3596" endline="3596" begincolumn="30" endcolumn="34" rule="CloseResource" ruleset="Error Prone" package="com.cloud.hypervisor.xenserver.resource" class="CitrixResourceBase" method="isNetworkSetupByName" variable="conn" externalInfoUrl="https://docs.pmd-code.org/pmd-doc-7.0.0-rc3/pmd_rules_java_errorprone.html#closeresource" priority="3">
Ensure that resources like this Connection object are closed after use
</violation>
<violation beginline="3618" endline="3618" begincolumn="26" endcolumn="30" rule="CloseResource" ruleset="Error Prone" package="com.cloud.hypervisor.xenserver.resource" class="CitrixResourceBase" method="isXcp" variable="conn" externalInfoUrl="https://docs.pmd-code.org/pmd-doc-7.0.0-rc3/pmd_rules_java_errorprone.html#closeresource" priority="3">
Ensure that resources like this Connection object are closed after use
</violation>
<violation beginline="3755" endline="3755" begincolumn="26" endcolumn="30" rule="CloseResource" ruleset="Error Prone" package="com.cloud.hypervisor.xenserver.resource" class="CitrixResourceBase" method="ovsFullSyncStates" variable="conn" externalInfoUrl="https://docs.pmd-code.org/pmd-doc-7.0.0-rc3/pmd_rules_java_errorprone.html#closeresource" priority="3">
Ensure that resources like this Connection object are closed after use
</violation>
<violation beginline="3835" endline="3835" begincolumn="26" endcolumn="30" rule="CloseResource" ruleset="Error Prone" package="com.cloud.hypervisor.xenserver.resource" class="CitrixResourceBase" method="pingXAPI" variable="conn" externalInfoUrl="https://docs.pmd-code.org/pmd-doc-7.0.0-rc3/pmd_rules_java_errorprone.html#closeresource" priority="3">
Ensure that resources like this Connection object are closed after use
</violation>
<violation beginline="4027" endline="4027" begincolumn="26" endcolumn="30" rule="CloseResource" ruleset="Error Prone" package="com.cloud.hypervisor.xenserver.resource" class="CitrixResourceBase" method="prepareNetworkElementCommand" variable="conn" externalInfoUrl="https://docs.pmd-code.org/pmd-doc-7.0.0-rc3/pmd_rules_java_errorprone.html#closeresource" priority="3">
Ensure that resources like this Connection object are closed after use
</violation>
<violation beginline="4103" endline="4103" begincolumn="26" endcolumn="30" rule="CloseResource" ruleset="Error Prone" package="com.cloud.hypervisor.xenserver.resource" class="CitrixResourceBase" method="prepareNetworkElementCommand" variable="conn" externalInfoUrl="https://docs.pmd-code.org/pmd-doc-7.0.0-rc3/pmd_rules_java_errorprone.html#closeresource" priority="3">
Ensure that resources like this Connection object are closed after use
</violation>
<violation beginline="4123" endline="4123" begincolumn="26" endcolumn="30" rule="CloseResource" ruleset="Error Prone" package="com.cloud.hypervisor.xenserver.resource" class="CitrixResourceBase" method="prepareNetworkElementCommand" variable="conn" externalInfoUrl="https://docs.pmd-code.org/pmd-doc-7.0.0-rc3/pmd_rules_java_errorprone.html#closeresource" priority="3">
Ensure that resources like this Connection object are closed after use
</violation>
<violation beginline="4152" endline="4152" begincolumn="26" endcolumn="30" rule="CloseResource" ruleset="Error Prone" package="com.cloud.hypervisor.xenserver.resource" class="CitrixResourceBase" method="prepareNetworkElementCommand" variable="conn" externalInfoUrl="https://docs.pmd-code.org/pmd-doc-7.0.0-rc3/pmd_rules_java_errorprone.html#closeresource" priority="3">
Ensure that resources like this Connection object are closed after use
</violation>
<violation beginline="4175" endline="4175" begincolumn="26" endcolumn="30" rule="CloseResource" ruleset="Error Prone" package="com.cloud.hypervisor.xenserver.resource" class="CitrixResourceBase" method="prepareNetworkElementCommand" variable="conn" externalInfoUrl="https://docs.pmd-code.org/pmd-doc-7.0.0-rc3/pmd_rules_java_errorprone.html#closeresource" priority="3">
Ensure that resources like this Connection object are closed after use
</violation>
<violation beginline="5057" endline="5057" begincolumn="58" endcolumn="60" rule="CloseResource" ruleset="Error Prone" package="com.cloud.hypervisor.xenserver.resource" class="CitrixResourceBase" method="createVmdataFiles" variable="fw" externalInfoUrl="https://docs.pmd-code.org/pmd-doc-7.0.0-rc3/pmd_rules_java_errorprone.html#closeresource" priority="3">
Ensure that resources like this OutputStreamWriter object are closed after use
</violation>
<violation beginline="5058" endline="5058" begincolumn="54" endcolumn="56" rule="CloseResource" ruleset="Error Prone" package="com.cloud.hypervisor.xenserver.resource" class="CitrixResourceBase" method="createVmdataFiles" variable="bw" externalInfoUrl="https://docs.pmd-code.org/pmd-doc-7.0.0-rc3/pmd_rules_java_errorprone.html#closeresource" priority="3">
Ensure that resources like this BufferedWriter object are closed after use
</violation>
<violation beginline="5079" endline="5079" begincolumn="34" endcolumn="42" rule="CloseResource" ruleset="Error Prone" package="com.cloud.hypervisor.xenserver.resource" class="CitrixResourceBase" method="createVmdataFiles" variable="stdInput" externalInfoUrl="https://docs.pmd-code.org/pmd-doc-7.0.0-rc3/pmd_rules_java_errorprone.html#closeresource" priority="3">
Ensure that resources like this BufferedReader object are closed after use
</violation>
<violation beginline="5082" endline="5082" begincolumn="34" endcolumn="42" rule="CloseResource" ruleset="Error Prone" package="com.cloud.hypervisor.xenserver.resource" class="CitrixResourceBase" method="createVmdataFiles" variable="stdError" externalInfoUrl="https://docs.pmd-code.org/pmd-doc-7.0.0-rc3/pmd_rules_java_errorprone.html#closeresource" priority="3">
Ensure that resources like this BufferedReader object are closed after use
</violation>
</file>
</pmd>
