<?xml version="1.0" encoding="UTF-8"?>
<pmd xmlns="http://pmd.sourceforge.net/report/2.0.0" xmlns:xsi="http://www.w3.org/2001/XMLSchema-instance" xsi:schemaLocation="http://pmd.sourceforge.net/report/2.0.0 http://pmd.sourceforge.net/report_2_0_0.xsd" version="7.0.0-rc3" timestamp="2023-10-22T11:23:00.854">
<file name="/mnt/disk3/lty/JLeaks/data/JavaFile/bug/9483af396c8f16dd6e8096feb01cd534174d4660cb58ff5d97838925dd0112e2.java">
<violation beginline="63" endline="63" begincolumn="31" endcolumn="36" rule="CloseResource" ruleset="Error Prone" package="com.cloud.upgrade.dao" class="Upgrade218to22Premium" method="updateUserStats" variable="pstmt" externalInfoUrl="https://docs.pmd-code.org/pmd-doc-7.0.0-rc3/pmd_rules_java_errorprone.html#closeresource" priority="3">
Ensure that resources like this PreparedStatement object are closed after use
</violation>
<violation beginline="71" endline="71" begincolumn="31" endcolumn="37" rule="CloseResource" ruleset="Error Prone" package="com.cloud.upgrade.dao" class="Upgrade218to22Premium" method="updateUserStats" variable="pstmt1" externalInfoUrl="https://docs.pmd-code.org/pmd-doc-7.0.0-rc3/pmd_rules_java_errorprone.html#closeresource" priority="3">
Ensure that resources like this PreparedStatement object are closed after use
</violation>
<violation beginline="88" endline="88" begincolumn="31" endcolumn="36" rule="CloseResource" ruleset="Error Prone" package="com.cloud.upgrade.dao" class="Upgrade218to22Premium" method="updateUsageIpAddress" variable="pstmt" externalInfoUrl="https://docs.pmd-code.org/pmd-doc-7.0.0-rc3/pmd_rules_java_errorprone.html#closeresource" priority="3">
Ensure that resources like this PreparedStatement object are closed after use
</violation>
</file>
</pmd>
