<?xml version="1.0" encoding="UTF-8"?>
<pmd xmlns="http://pmd.sourceforge.net/report/2.0.0" xmlns:xsi="http://www.w3.org/2001/XMLSchema-instance" xsi:schemaLocation="http://pmd.sourceforge.net/report/2.0.0 http://pmd.sourceforge.net/report_2_0_0.xsd" version="7.0.0-rc3" timestamp="2023-10-22T11:22:33.897">
<file name="/mnt/disk3/lty/JLeaks/data/JavaFile/bug/f91192f04440220bdcca0034737744c2d16398ef943e22b155b1bab4f38d1f42.java">
<violation beginline="340" endline="340" begincolumn="27" endcolumn="31" rule="CloseResource" ruleset="Error Prone" package="com.cloud.server" class="ConfigurationServerImpl" method="templateDetailsInitIfNotExist" variable="stmt" externalInfoUrl="https://docs.pmd-code.org/pmd-doc-7.0.0-rc3/pmd_rules_java_errorprone.html#closeresource" priority="3">
Ensure that resources like this PreparedStatement object are closed after use
</violation>
<violation beginline="341" endline="341" begincolumn="27" endcolumn="37" rule="CloseResource" ruleset="Error Prone" package="com.cloud.server" class="ConfigurationServerImpl" method="templateDetailsInitIfNotExist" variable="stmtInsert" externalInfoUrl="https://docs.pmd-code.org/pmd-doc-7.0.0-rc3/pmd_rules_java_errorprone.html#closeresource" priority="3">
Ensure that resources like this PreparedStatement object are closed after use
</violation>
<violation beginline="348" endline="348" begincolumn="23" endcolumn="25" rule="CloseResource" ruleset="Error Prone" package="com.cloud.server" class="ConfigurationServerImpl" method="templateDetailsInitIfNotExist" variable="rs" externalInfoUrl="https://docs.pmd-code.org/pmd-doc-7.0.0-rc3/pmd_rules_java_errorprone.html#closeresource" priority="3">
Ensure that resources like this ResultSet object are closed after use
</violation>
<violation beginline="376" endline="376" begincolumn="35" endcolumn="40" rule="CloseResource" ruleset="Error Prone" package="com.cloud.server" method="doInTransactionWithoutResult" variable="pstmt" externalInfoUrl="https://docs.pmd-code.org/pmd-doc-7.0.0-rc3/pmd_rules_java_errorprone.html#closeresource" priority="3">
Ensure that resources like this PreparedStatement object are closed after use
</violation>
<violation beginline="377" endline="377" begincolumn="27" endcolumn="30" rule="CloseResource" ruleset="Error Prone" package="com.cloud.server" method="doInTransactionWithoutResult" variable="rs1" externalInfoUrl="https://docs.pmd-code.org/pmd-doc-7.0.0-rc3/pmd_rules_java_errorprone.html#closeresource" priority="3">
Ensure that resources like this ResultSet object are closed after use
</violation>
<violation beginline="378" endline="378" begincolumn="27" endcolumn="30" rule="CloseResource" ruleset="Error Prone" package="com.cloud.server" method="doInTransactionWithoutResult" variable="rs2" externalInfoUrl="https://docs.pmd-code.org/pmd-doc-7.0.0-rc3/pmd_rules_java_errorprone.html#closeresource" priority="3">
Ensure that resources like this ResultSet object are closed after use
</violation>
<violation beginline="477" endline="477" begincolumn="39" endcolumn="43" rule="CloseResource" ruleset="Error Prone" package="com.cloud.server" method="doInTransactionWithoutResult" variable="stmt" externalInfoUrl="https://docs.pmd-code.org/pmd-doc-7.0.0-rc3/pmd_rules_java_errorprone.html#closeresource" priority="3">
Ensure that resources like this PreparedStatement object are closed after use
</violation>
<violation beginline="487" endline="487" begincolumn="39" endcolumn="43" rule="CloseResource" ruleset="Error Prone" package="com.cloud.server" method="doInTransactionWithoutResult" variable="stmt" externalInfoUrl="https://docs.pmd-code.org/pmd-doc-7.0.0-rc3/pmd_rules_java_errorprone.html#closeresource" priority="3">
Ensure that resources like this PreparedStatement object are closed after use
</violation>
<violation beginline="504" endline="504" begincolumn="39" endcolumn="43" rule="CloseResource" ruleset="Error Prone" package="com.cloud.server" method="doInTransactionWithoutResult" variable="stmt" externalInfoUrl="https://docs.pmd-code.org/pmd-doc-7.0.0-rc3/pmd_rules_java_errorprone.html#closeresource" priority="3">
Ensure that resources like this PreparedStatement object are closed after use
</violation>
<violation beginline="515" endline="515" begincolumn="39" endcolumn="43" rule="CloseResource" ruleset="Error Prone" package="com.cloud.server" method="doInTransactionWithoutResult" variable="stmt" externalInfoUrl="https://docs.pmd-code.org/pmd-doc-7.0.0-rc3/pmd_rules_java_errorprone.html#closeresource" priority="3">
Ensure that resources like this PreparedStatement object are closed after use
</violation>
<violation beginline="525" endline="525" begincolumn="43" endcolumn="47" rule="CloseResource" ruleset="Error Prone" package="com.cloud.server" method="doInTransactionWithoutResult" variable="stmt" externalInfoUrl="https://docs.pmd-code.org/pmd-doc-7.0.0-rc3/pmd_rules_java_errorprone.html#closeresource" priority="3">
Ensure that resources like this PreparedStatement object are closed after use
</violation>
<violation beginline="533" endline="533" begincolumn="39" endcolumn="43" rule="CloseResource" ruleset="Error Prone" package="com.cloud.server" method="doInTransactionWithoutResult" variable="stmt" externalInfoUrl="https://docs.pmd-code.org/pmd-doc-7.0.0-rc3/pmd_rules_java_errorprone.html#closeresource" priority="3">
Ensure that resources like this PreparedStatement object are closed after use
</violation>
<violation beginline="534" endline="534" begincolumn="31" endcolumn="33" rule="CloseResource" ruleset="Error Prone" package="com.cloud.server" method="doInTransactionWithoutResult" variable="rs" externalInfoUrl="https://docs.pmd-code.org/pmd-doc-7.0.0-rc3/pmd_rules_java_errorprone.html#closeresource" priority="3">
Ensure that resources like this ResultSet object are closed after use
</violation>
<violation beginline="655" endline="655" begincolumn="38" endcolumn="40" rule="CloseResource" ruleset="Error Prone" package="com.cloud.server" class="ConfigurationServerImpl" method="updateSSLKeystore" variable="fo" externalInfoUrl="https://docs.pmd-code.org/pmd-doc-7.0.0-rc3/pmd_rules_java_errorprone.html#closeresource" priority="3">
Ensure that resources like this FileOutputStream object are closed after use
</violation>
<violation beginline="698" endline="698" begincolumn="35" endcolumn="39" rule="CloseResource" ruleset="Error Prone" package="com.cloud.server" class="ConfigurationServerImpl" method="updateSystemvmPassword" variable="stmt" externalInfoUrl="https://docs.pmd-code.org/pmd-doc-7.0.0-rc3/pmd_rules_java_errorprone.html#closeresource" priority="3">
Ensure that resources like this PreparedStatement object are closed after use
</violation>
<violation beginline="790" endline="790" begincolumn="43" endcolumn="48" rule="CloseResource" ruleset="Error Prone" package="com.cloud.server" method="doInTransactionWithoutResult" variable="stmt1" externalInfoUrl="https://docs.pmd-code.org/pmd-doc-7.0.0-rc3/pmd_rules_java_errorprone.html#closeresource" priority="3">
Ensure that resources like this PreparedStatement object are closed after use
</violation>
<violation beginline="801" endline="801" begincolumn="43" endcolumn="48" rule="CloseResource" ruleset="Error Prone" package="com.cloud.server" method="doInTransactionWithoutResult" variable="stmt2" externalInfoUrl="https://docs.pmd-code.org/pmd-doc-7.0.0-rc3/pmd_rules_java_errorprone.html#closeresource" priority="3">
Ensure that resources like this PreparedStatement object are closed after use
</violation>
<violation beginline="960" endline="960" begincolumn="43" endcolumn="48" rule="CloseResource" ruleset="Error Prone" package="com.cloud.server" method="doInTransactionWithoutResult" variable="stmt1" externalInfoUrl="https://docs.pmd-code.org/pmd-doc-7.0.0-rc3/pmd_rules_java_errorprone.html#closeresource" priority="3">
Ensure that resources like this PreparedStatement object are closed after use
</violation>
</file>
</pmd>
