<?xml version="1.0" encoding="UTF-8"?>
<pmd xmlns="http://pmd.sourceforge.net/report/2.0.0" xmlns:xsi="http://www.w3.org/2001/XMLSchema-instance" xsi:schemaLocation="http://pmd.sourceforge.net/report/2.0.0 http://pmd.sourceforge.net/report_2_0_0.xsd" version="7.0.0-rc3" timestamp="2023-10-22T14:18:53.069">
<file name="/mnt/disk3/lty/JLeaks/data/JavaFile/bug/5b5246fc48aa00001b0ccf9c61d84113a0aebd4a5ba425a4ebd195ef56b30096.java">
<violation beginline="117" endline="117" begincolumn="25" endcolumn="28" rule="CloseResource" ruleset="Error Prone" package="com.tyron.builder.compiler.aab" class="AabTask" method="uApks" variable="fis" externalInfoUrl="https://docs.pmd-code.org/pmd-doc-7.0.0-rc3/pmd_rules_java_errorprone.html#closeresource" priority="3">
Ensure that resources like this FileInputStream object are closed after use
</violation>
<violation beginline="122" endline="122" begincolumn="28" endcolumn="31" rule="CloseResource" ruleset="Error Prone" package="com.tyron.builder.compiler.aab" class="AabTask" method="uApks" variable="zis" externalInfoUrl="https://docs.pmd-code.org/pmd-doc-7.0.0-rc3/pmd_rules_java_errorprone.html#closeresource" priority="3">
Ensure that resources like this ZipInputStream object are closed after use
</violation>
<violation beginline="130" endline="130" begincolumn="34" endcolumn="37" rule="CloseResource" ruleset="Error Prone" package="com.tyron.builder.compiler.aab" class="AabTask" method="uApks" variable="fos" externalInfoUrl="https://docs.pmd-code.org/pmd-doc-7.0.0-rc3/pmd_rules_java_errorprone.html#closeresource" priority="3">
Ensure that resources like this FileOutputStream object are closed after use
</violation>
<violation beginline="184" endline="184" begincolumn="29" endcolumn="34" rule="CloseResource" ruleset="Error Prone" package="com.tyron.builder.compiler.aab" class="AabTask" method="budletool" variable="input" externalInfoUrl="https://docs.pmd-code.org/pmd-doc-7.0.0-rc3/pmd_rules_java_errorprone.html#closeresource" priority="3">
Ensure that resources like this InputStream object are closed after use
</violation>
<violation beginline="185" endline="185" begincolumn="30" endcolumn="36" rule="CloseResource" ruleset="Error Prone" package="com.tyron.builder.compiler.aab" class="AabTask" method="budletool" variable="output" externalInfoUrl="https://docs.pmd-code.org/pmd-doc-7.0.0-rc3/pmd_rules_java_errorprone.html#closeresource" priority="3">
Ensure that resources like this FileOutputStream object are closed after use
</violation>
<violation beginline="232" endline="232" begincolumn="31" endcolumn="34" rule="CloseResource" ruleset="Error Prone" package="com.tyron.builder.compiler.aab" class="AabTask" method="zipFolder" variable="zos" externalInfoUrl="https://docs.pmd-code.org/pmd-doc-7.0.0-rc3/pmd_rules_java_errorprone.html#closeresource" priority="3">
Ensure that resources like this ZipOutputStream object are closed after use
</violation>
<violation beginline="299" endline="299" begincolumn="25" endcolumn="28" rule="CloseResource" ruleset="Error Prone" package="com.tyron.builder.compiler.aab" class="AabTask" method="unzip" variable="fis" externalInfoUrl="https://docs.pmd-code.org/pmd-doc-7.0.0-rc3/pmd_rules_java_errorprone.html#closeresource" priority="3">
Ensure that resources like this FileInputStream object are closed after use
</violation>
<violation beginline="304" endline="304" begincolumn="28" endcolumn="31" rule="CloseResource" ruleset="Error Prone" package="com.tyron.builder.compiler.aab" class="AabTask" method="unzip" variable="zis" externalInfoUrl="https://docs.pmd-code.org/pmd-doc-7.0.0-rc3/pmd_rules_java_errorprone.html#closeresource" priority="3">
Ensure that resources like this ZipInputStream object are closed after use
</violation>
<violation beginline="312" endline="312" begincolumn="34" endcolumn="37" rule="CloseResource" ruleset="Error Prone" package="com.tyron.builder.compiler.aab" class="AabTask" method="unzip" variable="fos" externalInfoUrl="https://docs.pmd-code.org/pmd-doc-7.0.0-rc3/pmd_rules_java_errorprone.html#closeresource" priority="3">
Ensure that resources like this FileOutputStream object are closed after use
</violation>
</file>
</pmd>
