<?xml version="1.0" encoding="UTF-8"?>
<pmd xmlns="http://pmd.sourceforge.net/report/2.0.0" xmlns:xsi="http://www.w3.org/2001/XMLSchema-instance" xsi:schemaLocation="http://pmd.sourceforge.net/report/2.0.0 http://pmd.sourceforge.net/report_2_0_0.xsd" version="7.0.0-rc3" timestamp="2023-10-22T11:58:07.439">
<file name="/mnt/disk3/lty/JLeaks/data/JavaFile/bug/db4520fb64256e66eaf51bcd64ce6b851eb7ea33740832c267ced44e364c4a76.java">
<violation beginline="42" endline="42" begincolumn="30" endcolumn="33" rule="CloseResource" ruleset="Error Prone" package="org.odk.collect.android.utilities" class="FormDefCache" method="writeCache" variable="dos" externalInfoUrl="https://docs.pmd-code.org/pmd-doc-7.0.0-rc3/pmd_rules_java_errorprone.html#closeresource" priority="3">
Ensure that resources like this DataOutputStream object are closed after use
</violation>
<violation beginline="112" endline="112" begincolumn="25" endcolumn="28" rule="CloseResource" ruleset="Error Prone" package="org.odk.collect.android.utilities" class="FormDefCache" method="deserializeFormDef" variable="fis" externalInfoUrl="https://docs.pmd-code.org/pmd-doc-7.0.0-rc3/pmd_rules_java_errorprone.html#closeresource" priority="3">
Ensure that resources like this FileInputStream object are closed after use
</violation>
<violation beginline="118" endline="118" begincolumn="29" endcolumn="32" rule="CloseResource" ruleset="Error Prone" package="org.odk.collect.android.utilities" class="FormDefCache" method="deserializeFormDef" variable="dis" externalInfoUrl="https://docs.pmd-code.org/pmd-doc-7.0.0-rc3/pmd_rules_java_errorprone.html#closeresource" priority="3">
Ensure that resources like this DataInputStream object are closed after use
</violation>
</file>
</pmd>
