<?xml version="1.0" encoding="UTF-8"?>
<pmd xmlns="http://pmd.sourceforge.net/report/2.0.0" xmlns:xsi="http://www.w3.org/2001/XMLSchema-instance" xsi:schemaLocation="http://pmd.sourceforge.net/report/2.0.0 http://pmd.sourceforge.net/report_2_0_0.xsd" version="7.0.0-rc3" timestamp="2023-10-22T11:38:51.477">
<file name="/mnt/disk3/lty/JLeaks/data/JavaFile/bug/38a21139f087b3f4fb1d70d610bf69f88e836172346a80f59056c7d1c7abe8b0.java">
<violation beginline="42" endline="42" begincolumn="24" endcolumn="36" rule="CloseResource" ruleset="Error Prone" package="com.intellij.util.net" class="NetUtils" method="findAvailableSocketPort" variable="serverSocket" externalInfoUrl="https://docs.pmd-code.org/pmd-doc-7.0.0-rc3/pmd_rules_java_errorprone.html#closeresource" priority="3">
Ensure that resources like this ServerSocket object are closed after use
</violation>
<violation beginline="63" endline="63" begincolumn="26" endcolumn="38" rule="CloseResource" ruleset="Error Prone" package="com.intellij.util.net" class="NetUtils" method="findAvailableSocketPorts" variable="serverSocket" externalInfoUrl="https://docs.pmd-code.org/pmd-doc-7.0.0-rc3/pmd_rules_java_errorprone.html#closeresource" priority="3">
Ensure that resources like this ServerSocket object are closed after use
</violation>
<violation beginline="78" endline="78" begincolumn="23" endcolumn="29" rule="CloseResource" ruleset="Error Prone" package="com.intellij.util.net" class="NetUtils" method="findAvailableSocketPorts" variable="socket" externalInfoUrl="https://docs.pmd-code.org/pmd-doc-7.0.0-rc3/pmd_rules_java_errorprone.html#closeresource" priority="3">
Ensure that resources like this ServerSocket object are closed after use
</violation>
</file>
</pmd>
