<?xml version="1.0" encoding="UTF-8"?>
<pmd xmlns="http://pmd.sourceforge.net/report/2.0.0" xmlns:xsi="http://www.w3.org/2001/XMLSchema-instance" xsi:schemaLocation="http://pmd.sourceforge.net/report/2.0.0 http://pmd.sourceforge.net/report_2_0_0.xsd" version="7.0.0-rc3" timestamp="2023-10-22T11:48:00.262">
<file name="/mnt/disk3/lty/JLeaks/data/JavaFile/bug/3e233370bb0049cd66a67659795e1fb326a9abdda96b086890321acf4a8ecf03.java">
<violation beginline="43" endline="43" begincolumn="22" endcolumn="25" rule="CloseResource" ruleset="Error Prone" package="com.dotmarketing.util" class="ZipUtil" method="zipDirectory" variable="fis" externalInfoUrl="https://docs.pmd-code.org/pmd-doc-7.0.0-rc3/pmd_rules_java_errorprone.html#closeresource" priority="3">
Ensure that resources like this InputStream object are closed after use
</violation>
<violation beginline="119" endline="119" begincolumn="32" endcolumn="36" rule="CloseResource" ruleset="Error Prone" package="com.dotmarketing.util" class="ZipUtil" method="extract" variable="istr" externalInfoUrl="https://docs.pmd-code.org/pmd-doc-7.0.0-rc3/pmd_rules_java_errorprone.html#closeresource" priority="3">
Ensure that resources like this InputStream object are closed after use
</violation>
<violation beginline="121" endline="121" begincolumn="33" endcolumn="35" rule="CloseResource" ruleset="Error Prone" package="com.dotmarketing.util" class="ZipUtil" method="extract" variable="os" externalInfoUrl="https://docs.pmd-code.org/pmd-doc-7.0.0-rc3/pmd_rules_java_errorprone.html#closeresource" priority="3">
Ensure that resources like this OutputStream object are closed after use
</violation>
</file>
</pmd>
