<?xml version="1.0" encoding="UTF-8"?>
<pmd xmlns="http://pmd.sourceforge.net/report/2.0.0" xmlns:xsi="http://www.w3.org/2001/XMLSchema-instance" xsi:schemaLocation="http://pmd.sourceforge.net/report/2.0.0 http://pmd.sourceforge.net/report_2_0_0.xsd" version="7.0.0-rc3" timestamp="2023-10-22T12:08:27.300">
<file name="/mnt/disk3/lty/JLeaks/data/JavaFile/bug/fdc7984c4f0359c09005056db3de5b52dabe93442bb74c25e49ac6fd44033fcd.java">
<violation beginline="523" endline="523" begincolumn="29" endcolumn="38" rule="CloseResource" ruleset="Error Prone" package="edu.harvard.iq.dataverse.util" class="FileUtil" method="determineFileType" variable="gzippedIn" externalInfoUrl="https://docs.pmd-code.org/pmd-doc-7.0.0-rc3/pmd_rules_java_errorprone.html#closeresource" priority="3">
Ensure that resources like this FileInputStream object are closed after use
</violation>
<violation beginline="527" endline="527" begincolumn="25" endcolumn="39" rule="CloseResource" ruleset="Error Prone" package="edu.harvard.iq.dataverse.util" class="FileUtil" method="determineFileType" variable="uncompressedIn" externalInfoUrl="https://docs.pmd-code.org/pmd-doc-7.0.0-rc3/pmd_rules_java_errorprone.html#closeresource" priority="3">
Ensure that resources like this InputStream object are closed after use
</violation>
<violation beginline="652" endline="652" begincolumn="24" endcolumn="34" rule="CloseResource" ruleset="Error Prone" package="edu.harvard.iq.dataverse.util" class="FileUtil" method="isGraphMLFile" variable="fileReader" externalInfoUrl="https://docs.pmd-code.org/pmd-doc-7.0.0-rc3/pmd_rules_java_errorprone.html#closeresource" priority="3">
Ensure that resources like this FileReader object are closed after use
</violation>
<violation beginline="1127" endline="1127" begincolumn="41" endcolumn="61" rule="CloseResource" ruleset="Error Prone" package="edu.harvard.iq.dataverse.util" class="FileUtil" method="createDataFiles" variable="finalFileInputStream" externalInfoUrl="https://docs.pmd-code.org/pmd-doc-7.0.0-rc3/pmd_rules_java_errorprone.html#closeresource" priority="3">
Ensure that resources like this FileInputStream object are closed after use
</violation>
<violation beginline="1829" endline="1829" begincolumn="21" endcolumn="23" rule="CloseResource" ruleset="Error Prone" package="edu.harvard.iq.dataverse.util" class="FileUtil" method="validateDataFileChecksum" variable="in" externalInfoUrl="https://docs.pmd-code.org/pmd-doc-7.0.0-rc3/pmd_rules_java_errorprone.html#closeresource" priority="3">
Ensure that resources like this InputStream object are closed after use
</violation>
</file>
</pmd>
