<?xml version="1.0" encoding="UTF-8"?>
<pmd xmlns="http://pmd.sourceforge.net/report/2.0.0" xmlns:xsi="http://www.w3.org/2001/XMLSchema-instance" xsi:schemaLocation="http://pmd.sourceforge.net/report/2.0.0 http://pmd.sourceforge.net/report_2_0_0.xsd" version="7.0.0-rc3" timestamp="2023-10-22T11:47:44.861">
<file name="/mnt/disk3/lty/JLeaks/data/JavaFile/bug/b69465908096a45ef619aa9401a53b3d9580d24387ab2b19c97b42e39b5dbe10.java">
<violation beginline="214" endline="214" begincolumn="14" endcolumn="16" rule="CloseResource" ruleset="Error Prone" package="org.xbill.DNS" class="ResolverConfig" method="findResolvConf" variable="in" externalInfoUrl="https://docs.pmd-code.org/pmd-doc-7.0.0-rc3/pmd_rules_java_errorprone.html#closeresource" priority="3">
Ensure that resources like this InputStream object are closed after use
</violation>
<violation beginline="221" endline="221" begincolumn="20" endcolumn="23" rule="CloseResource" ruleset="Error Prone" package="org.xbill.DNS" class="ResolverConfig" method="findResolvConf" variable="isr" externalInfoUrl="https://docs.pmd-code.org/pmd-doc-7.0.0-rc3/pmd_rules_java_errorprone.html#closeresource" priority="3">
Ensure that resources like this InputStreamReader object are closed after use
</violation>
<violation beginline="222" endline="222" begincolumn="17" endcolumn="19" rule="CloseResource" ruleset="Error Prone" package="org.xbill.DNS" class="ResolverConfig" method="findResolvConf" variable="br" externalInfoUrl="https://docs.pmd-code.org/pmd-doc-7.0.0-rc3/pmd_rules_java_errorprone.html#closeresource" priority="3">
Ensure that resources like this BufferedReader object are closed after use
</violation>
</file>
</pmd>
