<?xml version="1.0" encoding="UTF-8"?>
<pmd xmlns="http://pmd.sourceforge.net/report/2.0.0" xmlns:xsi="http://www.w3.org/2001/XMLSchema-instance" xsi:schemaLocation="http://pmd.sourceforge.net/report/2.0.0 http://pmd.sourceforge.net/report_2_0_0.xsd" version="7.0.0-rc3" timestamp="2023-10-22T11:23:15.387">
<file name="/mnt/disk3/lty/JLeaks/data/JavaFile/bug/581f5fff3472f1fefa47f3d29d3968999b597560132142dabc7651ed04b6f05a.java">
<violation beginline="164" endline="164" begincolumn="16" endcolumn="25" rule="CloseResource" ruleset="Error Prone" package="org.apache.dolphinscheduler.common.utils" class="ScriptRunner" method="runScript" variable="statement" externalInfoUrl="https://docs.pmd-code.org/pmd-doc-7.0.0-rc3/pmd_rules_java_errorprone.html#closeresource" priority="3">
Ensure that resources like this Statement object are closed after use
</violation>
<violation beginline="178" endline="178" begincolumn="16" endcolumn="18" rule="CloseResource" ruleset="Error Prone" package="org.apache.dolphinscheduler.common.utils" class="ScriptRunner" method="runScript" variable="rs" externalInfoUrl="https://docs.pmd-code.org/pmd-doc-7.0.0-rc3/pmd_rules_java_errorprone.html#closeresource" priority="3">
Ensure that resources like this ResultSet object are closed after use
</violation>
<violation beginline="246" endline="246" begincolumn="16" endcolumn="25" rule="CloseResource" ruleset="Error Prone" package="org.apache.dolphinscheduler.common.utils" class="ScriptRunner" method="runScript" variable="statement" externalInfoUrl="https://docs.pmd-code.org/pmd-doc-7.0.0-rc3/pmd_rules_java_errorprone.html#closeresource" priority="3">
Ensure that resources like this Statement object are closed after use
</violation>
<violation beginline="262" endline="262" begincolumn="16" endcolumn="18" rule="CloseResource" ruleset="Error Prone" package="org.apache.dolphinscheduler.common.utils" class="ScriptRunner" method="runScript" variable="rs" externalInfoUrl="https://docs.pmd-code.org/pmd-doc-7.0.0-rc3/pmd_rules_java_errorprone.html#closeresource" priority="3">
Ensure that resources like this ResultSet object are closed after use
</violation>
</file>
</pmd>
