<?xml version="1.0" encoding="UTF-8"?>
<pmd xmlns="http://pmd.sourceforge.net/report/2.0.0" xmlns:xsi="http://www.w3.org/2001/XMLSchema-instance" xsi:schemaLocation="http://pmd.sourceforge.net/report/2.0.0 http://pmd.sourceforge.net/report_2_0_0.xsd" version="7.0.0-rc3" timestamp="2023-10-22T11:48:44.547">
<file name="/mnt/disk3/lty/JLeaks/data/JavaFile/bug/b4c09405449a74ad1e7e8488b94119ee50ffd95dd3021f23bad3c22de8bc04f2.java">
<violation beginline="113" endline="113" begincolumn="32" endcolumn="42" rule="CloseResource" ruleset="Error Prone" package="org.dspace.storage.rdbms" class="DatabaseUtils" method="main" variable="connection" externalInfoUrl="https://docs.pmd-code.org/pmd-doc-7.0.0-rc3/pmd_rules_java_errorprone.html#closeresource" priority="3">
Ensure that resources like this Connection object are closed after use
</violation>
<violation beginline="135" endline="135" begincolumn="28" endcolumn="38" rule="CloseResource" ruleset="Error Prone" package="org.dspace.storage.rdbms" class="DatabaseUtils" method="main" variable="connection" externalInfoUrl="https://docs.pmd-code.org/pmd-doc-7.0.0-rc3/pmd_rules_java_errorprone.html#closeresource" priority="3">
Ensure that resources like this Connection object are closed after use
</violation>
<violation beginline="176" endline="176" begincolumn="36" endcolumn="46" rule="CloseResource" ruleset="Error Prone" package="org.dspace.storage.rdbms" class="DatabaseUtils" method="main" variable="connection" externalInfoUrl="https://docs.pmd-code.org/pmd-doc-7.0.0-rc3/pmd_rules_java_errorprone.html#closeresource" priority="3">
Ensure that resources like this Connection object are closed after use
</violation>
<violation beginline="191" endline="191" begincolumn="36" endcolumn="46" rule="CloseResource" ruleset="Error Prone" package="org.dspace.storage.rdbms" class="DatabaseUtils" method="main" variable="connection" externalInfoUrl="https://docs.pmd-code.org/pmd-doc-7.0.0-rc3/pmd_rules_java_errorprone.html#closeresource" priority="3">
Ensure that resources like this Connection object are closed after use
</violation>
<violation beginline="219" endline="219" begincolumn="32" endcolumn="37" rule="CloseResource" ruleset="Error Prone" package="org.dspace.storage.rdbms" class="DatabaseUtils" method="main" variable="input" externalInfoUrl="https://docs.pmd-code.org/pmd-doc-7.0.0-rc3/pmd_rules_java_errorprone.html#closeresource" priority="3">
Ensure that resources like this BufferedReader object are closed after use
</violation>
<violation beginline="465" endline="465" begincolumn="24" endcolumn="34" rule="CloseResource" ruleset="Error Prone" package="org.dspace.storage.rdbms" class="DatabaseUtils" method="cleanDatabase" variable="connection" externalInfoUrl="https://docs.pmd-code.org/pmd-doc-7.0.0-rc3/pmd_rules_java_errorprone.html#closeresource" priority="3">
Ensure that resources like this Connection object are closed after use
</violation>
<violation beginline="478" endline="478" begincolumn="39" endcolumn="48" rule="CloseResource" ruleset="Error Prone" package="org.dspace.storage.rdbms" class="DatabaseUtils" method="cleanDatabase" variable="statement" externalInfoUrl="https://docs.pmd-code.org/pmd-doc-7.0.0-rc3/pmd_rules_java_errorprone.html#closeresource" priority="3">
Ensure that resources like this PreparedStatement object are closed after use
</violation>
<violation beginline="638" endline="638" begincolumn="19" endcolumn="26" rule="CloseResource" ruleset="Error Prone" package="org.dspace.storage.rdbms" class="DatabaseUtils" method="tableExists" variable="results" externalInfoUrl="https://docs.pmd-code.org/pmd-doc-7.0.0-rc3/pmd_rules_java_errorprone.html#closeresource" priority="3">
Ensure that resources like this ResultSet object are closed after use
</violation>
<violation beginline="699" endline="699" begincolumn="19" endcolumn="26" rule="CloseResource" ruleset="Error Prone" package="org.dspace.storage.rdbms" class="DatabaseUtils" method="tableColumnExists" variable="results" externalInfoUrl="https://docs.pmd-code.org/pmd-doc-7.0.0-rc3/pmd_rules_java_errorprone.html#closeresource" priority="3">
Ensure that resources like this ResultSet object are closed after use
</violation>
<violation beginline="755" endline="755" begincolumn="27" endcolumn="36" rule="CloseResource" ruleset="Error Prone" package="org.dspace.storage.rdbms" class="DatabaseUtils" method="sequenceExists" variable="statement" externalInfoUrl="https://docs.pmd-code.org/pmd-doc-7.0.0-rc3/pmd_rules_java_errorprone.html#closeresource" priority="3">
Ensure that resources like this PreparedStatement object are closed after use
</violation>
<violation beginline="756" endline="756" begincolumn="19" endcolumn="26" rule="CloseResource" ruleset="Error Prone" package="org.dspace.storage.rdbms" class="DatabaseUtils" method="sequenceExists" variable="results" externalInfoUrl="https://docs.pmd-code.org/pmd-doc-7.0.0-rc3/pmd_rules_java_errorprone.html#closeresource" priority="3">
Ensure that resources like this ResultSet object are closed after use
</violation>
<violation beginline="1165" endline="1165" begincolumn="27" endcolumn="36" rule="CloseResource" ruleset="Error Prone" package="org.dspace.storage.rdbms" class="DatabaseUtils" method="getCurrentFlywayState" variable="statement" externalInfoUrl="https://docs.pmd-code.org/pmd-doc-7.0.0-rc3/pmd_rules_java_errorprone.html#closeresource" priority="3">
Ensure that resources like this PreparedStatement object are closed after use
</violation>
<violation beginline="1166" endline="1166" begincolumn="19" endcolumn="28" rule="CloseResource" ruleset="Error Prone" package="org.dspace.storage.rdbms" class="DatabaseUtils" method="getCurrentFlywayState" variable="resultSet" externalInfoUrl="https://docs.pmd-code.org/pmd-doc-7.0.0-rc3/pmd_rules_java_errorprone.html#closeresource" priority="3">
Ensure that resources like this ResultSet object are closed after use
</violation>
</file>
</pmd>
