<?xml version="1.0" encoding="UTF-8"?>
<pmd xmlns="http://pmd.sourceforge.net/report/2.0.0" xmlns:xsi="http://www.w3.org/2001/XMLSchema-instance" xsi:schemaLocation="http://pmd.sourceforge.net/report/2.0.0 http://pmd.sourceforge.net/report_2_0_0.xsd" version="7.0.0-rc3" timestamp="2023-10-22T11:24:03.108">
<file name="/mnt/disk3/lty/JLeaks/data/JavaFile/bug/ef9dbac321463ac2b169791693a680787ab223c2ca4e268c06101eb11ae8c56a.java">
<violation beginline="78" endline="78" begincolumn="22" endcolumn="25" rule="CloseResource" ruleset="Error Prone" package="org.apache.eventmesh.runtime.admin.handler" class="EventHandler" method="preflight" variable="out" externalInfoUrl="https://docs.pmd-code.org/pmd-doc-7.0.0-rc3/pmd_rules_java_errorprone.html#closeresource" priority="3">
Ensure that resources like this OutputStream object are closed after use
</violation>
<violation beginline="103" endline="103" begincolumn="22" endcolumn="25" rule="CloseResource" ruleset="Error Prone" package="org.apache.eventmesh.runtime.admin.handler" class="EventHandler" method="get" variable="out" externalInfoUrl="https://docs.pmd-code.org/pmd-doc-7.0.0-rc3/pmd_rules_java_errorprone.html#closeresource" priority="3">
Ensure that resources like this OutputStream object are closed after use
</violation>
<violation beginline="159" endline="159" begincolumn="22" endcolumn="25" rule="CloseResource" ruleset="Error Prone" package="org.apache.eventmesh.runtime.admin.handler" class="EventHandler" method="post" variable="out" externalInfoUrl="https://docs.pmd-code.org/pmd-doc-7.0.0-rc3/pmd_rules_java_errorprone.html#closeresource" priority="3">
Ensure that resources like this OutputStream object are closed after use
</violation>
</file>
</pmd>
