<?xml version="1.0" encoding="UTF-8"?>
<pmd xmlns="http://pmd.sourceforge.net/report/2.0.0" xmlns:xsi="http://www.w3.org/2001/XMLSchema-instance" xsi:schemaLocation="http://pmd.sourceforge.net/report/2.0.0 http://pmd.sourceforge.net/report_2_0_0.xsd" version="7.0.0-rc3" timestamp="2023-10-22T11:57:33.035">
<file name="/mnt/disk3/lty/JLeaks/data/JavaFile/bug/ab3b1d8022bc0957decba79ea80a8d822fc53bc84b616df6ed1a9f7058109e43.java">
<violation beginline="464" endline="464" begincolumn="35" endcolumn="52" rule="CloseResource" ruleset="Error Prone" package="org.flowable.common.engine.impl" class="AbstractEngineConfiguration" method="initDatabaseType" variable="preparedStatement" externalInfoUrl="https://docs.pmd-code.org/pmd-doc-7.0.0-rc3/pmd_rules_java_errorprone.html#closeresource" priority="3">
Ensure that resources like this PreparedStatement object are closed after use
</violation>
<violation beginline="465" endline="465" begincolumn="27" endcolumn="36" rule="CloseResource" ruleset="Error Prone" package="org.flowable.common.engine.impl" class="AbstractEngineConfiguration" method="initDatabaseType" variable="resultSet" externalInfoUrl="https://docs.pmd-code.org/pmd-doc-7.0.0-rc3/pmd_rules_java_errorprone.html#closeresource" priority="3">
Ensure that resources like this ResultSet object are closed after use
</violation>
<violation beginline="767" endline="767" begincolumn="25" endcolumn="36" rule="CloseResource" ruleset="Error Prone" package="org.flowable.common.engine.impl" class="AbstractEngineConfiguration" method="initSqlSessionFactory" variable="inputStream" externalInfoUrl="https://docs.pmd-code.org/pmd-doc-7.0.0-rc3/pmd_rules_java_errorprone.html#closeresource" priority="3">
Ensure that resources like this InputStream object are closed after use
</violation>
<violation beginline="772" endline="772" begincolumn="24" endcolumn="30" rule="CloseResource" ruleset="Error Prone" package="org.flowable.common.engine.impl" class="AbstractEngineConfiguration" method="initSqlSessionFactory" variable="reader" externalInfoUrl="https://docs.pmd-code.org/pmd-doc-7.0.0-rc3/pmd_rules_java_errorprone.html#closeresource" priority="3">
Ensure that resources like this InputStreamReader object are closed after use
</violation>
</file>
</pmd>
