<?xml version="1.0" encoding="UTF-8"?>
<pmd xmlns="http://pmd.sourceforge.net/report/2.0.0" xmlns:xsi="http://www.w3.org/2001/XMLSchema-instance" xsi:schemaLocation="http://pmd.sourceforge.net/report/2.0.0 http://pmd.sourceforge.net/report_2_0_0.xsd" version="7.0.0-rc3" timestamp="2023-10-22T11:57:40.195">
<file name="/mnt/disk3/lty/JLeaks/data/JavaFile/bug/08e0e67fc2fa5e6425c67e88705bec0f0781752c4d5e9b93cee77f4bb201f9fd.java">
<violation beginline="255" endline="255" begincolumn="29" endcolumn="31" rule="CloseResource" ruleset="Error Prone" package="org.xhtmlrenderer.demo.browser" class="BrowserMenuBar" method="populateDemoList" variable="is" externalInfoUrl="https://docs.pmd-code.org/pmd-doc-7.0.0-rc3/pmd_rules_java_errorprone.html#closeresource" priority="3">
Ensure that resources like this InputStream object are closed after use
</violation>
<violation beginline="256" endline="256" begincolumn="35" endcolumn="41" rule="CloseResource" ruleset="Error Prone" package="org.xhtmlrenderer.demo.browser" class="BrowserMenuBar" method="populateDemoList" variable="reader" externalInfoUrl="https://docs.pmd-code.org/pmd-doc-7.0.0-rc3/pmd_rules_java_errorprone.html#closeresource" priority="3">
Ensure that resources like this InputStreamReader object are closed after use
</violation>
<violation beginline="257" endline="257" begincolumn="34" endcolumn="37" rule="CloseResource" ruleset="Error Prone" package="org.xhtmlrenderer.demo.browser" class="BrowserMenuBar" method="populateDemoList" variable="lnr" externalInfoUrl="https://docs.pmd-code.org/pmd-doc-7.0.0-rc3/pmd_rules_java_errorprone.html#closeresource" priority="3">
Ensure that resources like this LineNumberReader object are closed after use
</violation>
</file>
</pmd>
