<?xml version="1.0" encoding="UTF-8"?>
<pmd xmlns="http://pmd.sourceforge.net/report/2.0.0" xmlns:xsi="http://www.w3.org/2001/XMLSchema-instance" xsi:schemaLocation="http://pmd.sourceforge.net/report/2.0.0 http://pmd.sourceforge.net/report_2_0_0.xsd" version="7.0.0-rc3" timestamp="2023-10-22T14:19:41.259">
<file name="/mnt/disk3/lty/JLeaks/data/JavaFile/bug/f61ac935429b1f9258a6cdd5624aac0c92c3c1f9eb5d50a69121336ea8203c44.java">
<violation beginline="348" endline="348" begincolumn="27" endcolumn="38" rule="CloseResource" ruleset="Error Prone" package="com.vaadin.server.communication" class="FileUploadHandler" method="doHandleSimpleMultipartFileUpload" variable="inputStream" externalInfoUrl="https://docs.pmd-code.org/pmd-doc-7.0.0-rc3/pmd_rules_java_errorprone.html#closeresource" priority="3">
Ensure that resources like this InputStream object are closed after use
</violation>
<violation beginline="396" endline="396" begincolumn="21" endcolumn="42" rule="CloseResource" ruleset="Error Prone" package="com.vaadin.server.communication" class="FileUploadHandler" method="doHandleSimpleMultipartFileUpload" variable="simpleMultiPartReader" externalInfoUrl="https://docs.pmd-code.org/pmd-doc-7.0.0-rc3/pmd_rules_java_errorprone.html#closeresource" priority="3">
Ensure that resources like this SimpleMultiPartInputStream object are closed after use
</violation>
<violation beginline="504" endline="504" begincolumn="27" endcolumn="33" rule="CloseResource" ruleset="Error Prone" package="com.vaadin.server.communication" class="FileUploadHandler" method="doHandleXhrFilePost" variable="stream" externalInfoUrl="https://docs.pmd-code.org/pmd-doc-7.0.0-rc3/pmd_rules_java_errorprone.html#closeresource" priority="3">
Ensure that resources like this InputStream object are closed after use
</violation>
<violation beginline="535" endline="535" begincolumn="22" endcolumn="25" rule="CloseResource" ruleset="Error Prone" package="com.vaadin.server.communication" class="FileUploadHandler" method="streamToReceiver" variable="out" externalInfoUrl="https://docs.pmd-code.org/pmd-doc-7.0.0-rc3/pmd_rules_java_errorprone.html#closeresource" priority="3">
Ensure that resources like this OutputStream object are closed after use
</violation>
<violation beginline="679" endline="679" begincolumn="28" endcolumn="31" rule="CloseResource" ruleset="Error Prone" package="com.vaadin.server.communication" class="FileUploadHandler" method="sendUploadResponse" variable="out" externalInfoUrl="https://docs.pmd-code.org/pmd-doc-7.0.0-rc3/pmd_rules_java_errorprone.html#closeresource" priority="3">
Ensure that resources like this OutputStream object are closed after use
</violation>
<violation beginline="680" endline="680" begincolumn="27" endcolumn="36" rule="CloseResource" ruleset="Error Prone" package="com.vaadin.server.communication" class="FileUploadHandler" method="sendUploadResponse" variable="outWriter" externalInfoUrl="https://docs.pmd-code.org/pmd-doc-7.0.0-rc3/pmd_rules_java_errorprone.html#closeresource" priority="3">
Ensure that resources like this PrintWriter object are closed after use
</violation>
</file>
</pmd>
