<?xml version="1.0" encoding="UTF-8"?>
<pmd xmlns="http://pmd.sourceforge.net/report/2.0.0" xmlns:xsi="http://www.w3.org/2001/XMLSchema-instance" xsi:schemaLocation="http://pmd.sourceforge.net/report/2.0.0 http://pmd.sourceforge.net/report_2_0_0.xsd" version="7.0.0-rc3" timestamp="2023-10-22T14:19:39.651">
<file name="/mnt/disk3/lty/JLeaks/data/JavaFile/bug/6b1777ef35aa0d5355831af3a09b6ff2220f421c9f2fa75a583835ae6be8a02c.java">
<violation beginline="607" endline="607" begincolumn="28" endcolumn="31" rule="CloseResource" ruleset="Error Prone" package="com.vaadin.server" class="VaadinServlet" method="writeResponse" variable="out" externalInfoUrl="https://docs.pmd-code.org/pmd-doc-7.0.0-rc3/pmd_rules_java_errorprone.html#closeresource" priority="3">
Ensure that resources like this OutputStream object are closed after use
</violation>
<violation beginline="609" endline="609" begincolumn="27" endcolumn="36" rule="CloseResource" ruleset="Error Prone" package="com.vaadin.server" class="VaadinServlet" method="writeResponse" variable="outWriter" externalInfoUrl="https://docs.pmd-code.org/pmd-doc-7.0.0-rc3/pmd_rules_java_errorprone.html#closeresource" priority="3">
Ensure that resources like this PrintWriter object are closed after use
</violation>
<violation beginline="809" endline="809" begincolumn="29" endcolumn="31" rule="CloseResource" ruleset="Error Prone" package="com.vaadin.server" class="VaadinServlet" method="serveStaticResourcesInVAADIN" variable="is" externalInfoUrl="https://docs.pmd-code.org/pmd-doc-7.0.0-rc3/pmd_rules_java_errorprone.html#closeresource" priority="3">
Ensure that resources like this InputStream object are closed after use
</violation>
<violation beginline="906" endline="906" begincolumn="17" endcolumn="50" rule="CloseResource" ruleset="Error Prone" package="com.vaadin.server" class="VaadinServlet" method="writeStaticResourceResponse" externalInfoUrl="https://docs.pmd-code.org/pmd-doc-7.0.0-rc3/pmd_rules_java_errorprone.html#closeresource" priority="3">
'is' is reassigned, but the original instance is not closed
</violation>
<violation beginline="962" endline="962" begincolumn="28" endcolumn="30" rule="CloseResource" ruleset="Error Prone" package="com.vaadin.server" class="VaadinServlet" method="streamContent" variable="os" externalInfoUrl="https://docs.pmd-code.org/pmd-doc-7.0.0-rc3/pmd_rules_java_errorprone.html#closeresource" priority="3">
Ensure that resources like this OutputStream object are closed after use
</violation>
</file>
</pmd>
