<?xml version="1.0" encoding="UTF-8"?>
<pmd xmlns="http://pmd.sourceforge.net/report/2.0.0" xmlns:xsi="http://www.w3.org/2001/XMLSchema-instance" xsi:schemaLocation="http://pmd.sourceforge.net/report/2.0.0 http://pmd.sourceforge.net/report_2_0_0.xsd" version="7.0.0-rc3" timestamp="2023-10-22T14:19:47.320">
<file name="/mnt/disk3/lty/JLeaks/data/JavaFile/bug/528098e4836fe2afe9f5dd719f073c2ef3a1b11ae114a1b221e97afdbd5632e8.java">
<violation beginline="516" endline="516" begincolumn="27" endcolumn="36" rule="CloseResource" ruleset="Error Prone" package="com.vaadin.server" class="VaadinServlet" method="writeResponse" variable="outWriter" externalInfoUrl="https://docs.pmd-code.org/pmd-doc-7.0.0-rc3/pmd_rules_java_errorprone.html#closeresource" priority="3">
Ensure that resources like this PrintWriter object are closed after use
</violation>
<violation beginline="842" endline="842" begincolumn="33" endcolumn="35" rule="CloseResource" ruleset="Error Prone" package="com.vaadin.server" class="VaadinServlet" method="serveStaticResourcesInVAADIN" variable="is" externalInfoUrl="https://docs.pmd-code.org/pmd-doc-7.0.0-rc3/pmd_rules_java_errorprone.html#closeresource" priority="3">
Ensure that resources like this InputStream object are closed after use
</violation>
<violation beginline="899" endline="899" begincolumn="28" endcolumn="30" rule="CloseResource" ruleset="Error Prone" package="com.vaadin.server" class="VaadinServlet" method="writeStaticResourceResponse" variable="os" externalInfoUrl="https://docs.pmd-code.org/pmd-doc-7.0.0-rc3/pmd_rules_java_errorprone.html#closeresource" priority="3">
Ensure that resources like this OutputStream object are closed after use
</violation>
<violation beginline="902" endline="902" begincolumn="21" endcolumn="23" rule="CloseResource" ruleset="Error Prone" package="com.vaadin.server" class="VaadinServlet" method="writeStaticResourceResponse" variable="is" externalInfoUrl="https://docs.pmd-code.org/pmd-doc-7.0.0-rc3/pmd_rules_java_errorprone.html#closeresource" priority="3">
Ensure that resources like this InputStream object are closed after use
</violation>
</file>
</pmd>
