<?xml version="1.0" encoding="UTF-8"?>
<pmd xmlns="http://pmd.sourceforge.net/report/2.0.0" xmlns:xsi="http://www.w3.org/2001/XMLSchema-instance" xsi:schemaLocation="http://pmd.sourceforge.net/report/2.0.0 http://pmd.sourceforge.net/report_2_0_0.xsd" version="7.0.0-rc3" timestamp="2023-10-22T12:00:19.339">
<file name="/mnt/disk3/lty/JLeaks/data/JavaFile/bug/96325277d7029b9af9fe90221c22b444424a0dba42266df13f160099d6b8441f.java">
<violation beginline="29" endline="29" begincolumn="15" endcolumn="17" rule="CloseResource" ruleset="Error Prone" package="freenet.clients.http.filter" class="PNGFilter" method="readFilter" variable="is" externalInfoUrl="https://docs.pmd-code.org/pmd-doc-7.0.0-rc3/pmd_rules_java_errorprone.html#closeresource" priority="3">
Ensure that resources like this InputStream object are closed after use
</violation>
<violation beginline="30" endline="30" begincolumn="23" endcolumn="26" rule="CloseResource" ruleset="Error Prone" package="freenet.clients.http.filter" class="PNGFilter" method="readFilter" variable="bis" externalInfoUrl="https://docs.pmd-code.org/pmd-doc-7.0.0-rc3/pmd_rules_java_errorprone.html#closeresource" priority="3">
Ensure that resources like this BufferedInputStream object are closed after use
</violation>
<violation beginline="31" endline="31" begincolumn="19" endcolumn="22" rule="CloseResource" ruleset="Error Prone" package="freenet.clients.http.filter" class="PNGFilter" method="readFilter" variable="dis" externalInfoUrl="https://docs.pmd-code.org/pmd-doc-7.0.0-rc3/pmd_rules_java_errorprone.html#closeresource" priority="3">
Ensure that resources like this DataInputStream object are closed after use
</violation>
</file>
</pmd>
