<?xml version="1.0" encoding="UTF-8"?>
<pmd xmlns="http://pmd.sourceforge.net/report/2.0.0" xmlns:xsi="http://www.w3.org/2001/XMLSchema-instance" xsi:schemaLocation="http://pmd.sourceforge.net/report/2.0.0 http://pmd.sourceforge.net/report_2_0_0.xsd" version="7.0.0-rc3" timestamp="2023-10-22T11:59:54.987">
<file name="/mnt/disk3/lty/JLeaks/data/JavaFile/bug/615f39bd061b5ca6c4473b583c0019f49e22b16427fc301a9be35e9b0285a873.java">
<violation beginline="29" endline="29" begincolumn="20" endcolumn="23" rule="CloseResource" ruleset="Error Prone" package="freenet.tools" class="CleanupTranslations" method="main" variable="fis" externalInfoUrl="https://docs.pmd-code.org/pmd-doc-7.0.0-rc3/pmd_rules_java_errorprone.html#closeresource" priority="3">
Ensure that resources like this FileInputStream object are closed after use
</violation>
<violation beginline="30" endline="30" begincolumn="22" endcolumn="25" rule="CloseResource" ruleset="Error Prone" package="freenet.tools" class="CleanupTranslations" method="main" variable="isr" externalInfoUrl="https://docs.pmd-code.org/pmd-doc-7.0.0-rc3/pmd_rules_java_errorprone.html#closeresource" priority="3">
Ensure that resources like this InputStreamReader object are closed after use
</violation>
<violation beginline="31" endline="31" begincolumn="19" endcolumn="21" rule="CloseResource" ruleset="Error Prone" package="freenet.tools" class="CleanupTranslations" method="main" variable="br" externalInfoUrl="https://docs.pmd-code.org/pmd-doc-7.0.0-rc3/pmd_rules_java_errorprone.html#closeresource" priority="3">
Ensure that resources like this BufferedReader object are closed after use
</violation>
<violation beginline="67" endline="67" begincolumn="21" endcolumn="24" rule="CloseResource" ruleset="Error Prone" package="freenet.tools" class="CleanupTranslations" method="main" variable="fos" externalInfoUrl="https://docs.pmd-code.org/pmd-doc-7.0.0-rc3/pmd_rules_java_errorprone.html#closeresource" priority="3">
Ensure that resources like this FileOutputStream object are closed after use
</violation>
<violation beginline="68" endline="68" begincolumn="23" endcolumn="26" rule="CloseResource" ruleset="Error Prone" package="freenet.tools" class="CleanupTranslations" method="main" variable="osw" externalInfoUrl="https://docs.pmd-code.org/pmd-doc-7.0.0-rc3/pmd_rules_java_errorprone.html#closeresource" priority="3">
Ensure that resources like this OutputStreamWriter object are closed after use
</violation>
</file>
</pmd>
