<?xml version="1.0" encoding="UTF-8"?>
<pmd xmlns="http://pmd.sourceforge.net/report/2.0.0" xmlns:xsi="http://www.w3.org/2001/XMLSchema-instance" xsi:schemaLocation="http://pmd.sourceforge.net/report/2.0.0 http://pmd.sourceforge.net/report_2_0_0.xsd" version="7.0.0-rc3" timestamp="2023-10-22T12:00:14.834">
<file name="/mnt/disk3/lty/JLeaks/data/JavaFile/bug/78c55a2b50d269c1f7ee62019a39f5d0b14c23a8c214d962ee64f82e65487b79.java">
<violation beginline="38" endline="38" begincolumn="16" endcolumn="19" rule="CloseResource" ruleset="Error Prone" package="freenet.support.io" class="BucketTools" method="copy" variable="out" externalInfoUrl="https://docs.pmd-code.org/pmd-doc-7.0.0-rc3/pmd_rules_java_errorprone.html#closeresource" priority="3">
Ensure that resources like this OutputStream object are closed after use
</violation>
<violation beginline="39" endline="39" begincolumn="15" endcolumn="17" rule="CloseResource" ruleset="Error Prone" package="freenet.support.io" class="BucketTools" method="copy" variable="in" externalInfoUrl="https://docs.pmd-code.org/pmd-doc-7.0.0-rc3/pmd_rules_java_errorprone.html#closeresource" priority="3">
Ensure that resources like this InputStream object are closed after use
</violation>
<violation beginline="40" endline="40" begincolumn="23" endcolumn="34" rule="CloseResource" ruleset="Error Prone" package="freenet.support.io" class="BucketTools" method="copy" variable="readChannel" externalInfoUrl="https://docs.pmd-code.org/pmd-doc-7.0.0-rc3/pmd_rules_java_errorprone.html#closeresource" priority="3">
Ensure that resources like this ReadableByteChannel object are closed after use
</violation>
<violation beginline="41" endline="41" begincolumn="23" endcolumn="35" rule="CloseResource" ruleset="Error Prone" package="freenet.support.io" class="BucketTools" method="copy" variable="writeChannel" externalInfoUrl="https://docs.pmd-code.org/pmd-doc-7.0.0-rc3/pmd_rules_java_errorprone.html#closeresource" priority="3">
Ensure that resources like this WritableByteChannel object are closed after use
</violation>
<violation beginline="56" endline="56" begincolumn="16" endcolumn="19" rule="CloseResource" ruleset="Error Prone" package="freenet.support.io" class="BucketTools" method="zeroPad" variable="out" externalInfoUrl="https://docs.pmd-code.org/pmd-doc-7.0.0-rc3/pmd_rules_java_errorprone.html#closeresource" priority="3">
Ensure that resources like this OutputStream object are closed after use
</violation>
<violation beginline="213" endline="213" begincolumn="15" endcolumn="17" rule="CloseResource" ruleset="Error Prone" package="freenet.support.io" class="BucketTools" method="toByteArray" variable="is" externalInfoUrl="https://docs.pmd-code.org/pmd-doc-7.0.0-rc3/pmd_rules_java_errorprone.html#closeresource" priority="3">
Ensure that resources like this InputStream object are closed after use
</violation>
<violation beginline="229" endline="229" begincolumn="16" endcolumn="18" rule="CloseResource" ruleset="Error Prone" package="freenet.support.io" class="BucketTools" method="makeImmutableBucket" variable="os" externalInfoUrl="https://docs.pmd-code.org/pmd-doc-7.0.0-rc3/pmd_rules_java_errorprone.html#closeresource" priority="3">
Ensure that resources like this OutputStream object are closed after use
</violation>
<violation beginline="381" endline="381" begincolumn="16" endcolumn="18" rule="CloseResource" ruleset="Error Prone" package="freenet.support.io" class="BucketTools" method="pad" variable="os" externalInfoUrl="https://docs.pmd-code.org/pmd-doc-7.0.0-rc3/pmd_rules_java_errorprone.html#closeresource" priority="3">
Ensure that resources like this OutputStream object are closed after use
</violation>
</file>
</pmd>
