<?xml version="1.0" encoding="UTF-8"?>
<pmd xmlns="http://pmd.sourceforge.net/report/2.0.0" xmlns:xsi="http://www.w3.org/2001/XMLSchema-instance" xsi:schemaLocation="http://pmd.sourceforge.net/report/2.0.0 http://pmd.sourceforge.net/report_2_0_0.xsd" version="7.0.0-rc3" timestamp="2023-10-22T12:00:23.737">
<file name="/mnt/disk3/lty/JLeaks/data/JavaFile/bug/8df8fdf4774cfa92503e0972cc0ba95d1a8a3c768f3fcdda74458fe962cddc61.java">
<violation beginline="20" endline="20" begincolumn="15" endcolumn="17" rule="CloseResource" ruleset="Error Prone" package="freenet.support.compress" class="GzipCompressor" method="compress" variable="is" externalInfoUrl="https://docs.pmd-code.org/pmd-doc-7.0.0-rc3/pmd_rules_java_errorprone.html#closeresource" priority="3">
Ensure that resources like this InputStream object are closed after use
</violation>
<violation beginline="21" endline="21" begincolumn="16" endcolumn="18" rule="CloseResource" ruleset="Error Prone" package="freenet.support.compress" class="GzipCompressor" method="compress" variable="os" externalInfoUrl="https://docs.pmd-code.org/pmd-doc-7.0.0-rc3/pmd_rules_java_errorprone.html#closeresource" priority="3">
Ensure that resources like this OutputStream object are closed after use
</violation>
<violation beginline="22" endline="22" begincolumn="20" endcolumn="23" rule="CloseResource" ruleset="Error Prone" package="freenet.support.compress" class="GzipCompressor" method="compress" variable="gos" externalInfoUrl="https://docs.pmd-code.org/pmd-doc-7.0.0-rc3/pmd_rules_java_errorprone.html#closeresource" priority="3">
Ensure that resources like this GZIPOutputStream object are closed after use
</violation>
<violation beginline="43" endline="43" begincolumn="15" endcolumn="17" rule="CloseResource" ruleset="Error Prone" package="freenet.support.compress" class="GzipCompressor" method="decompress" variable="is" externalInfoUrl="https://docs.pmd-code.org/pmd-doc-7.0.0-rc3/pmd_rules_java_errorprone.html#closeresource" priority="3">
Ensure that resources like this InputStream object are closed after use
</violation>
<violation beginline="44" endline="44" begincolumn="16" endcolumn="18" rule="CloseResource" ruleset="Error Prone" package="freenet.support.compress" class="GzipCompressor" method="decompress" variable="os" externalInfoUrl="https://docs.pmd-code.org/pmd-doc-7.0.0-rc3/pmd_rules_java_errorprone.html#closeresource" priority="3">
Ensure that resources like this OutputStream object are closed after use
</violation>
</file>
</pmd>
