<?xml version="1.0" encoding="UTF-8"?>
<pmd xmlns="http://pmd.sourceforge.net/report/2.0.0" xmlns:xsi="http://www.w3.org/2001/XMLSchema-instance" xsi:schemaLocation="http://pmd.sourceforge.net/report/2.0.0 http://pmd.sourceforge.net/report_2_0_0.xsd" version="7.0.0-rc3" timestamp="2023-10-22T11:24:07.504">
<file name="/mnt/disk3/lty/JLeaks/data/JavaFile/bug/8f587d2225af756d616b016c010b744d7077b8805640972d9ce80da18dd3bfde.java">
<violation beginline="458" endline="458" begincolumn="31" endcolumn="38" rule="CloseResource" ruleset="Error Prone" package="org.apache.geode.internal.tcp" class="TCPConduit" method="createServerSocket" variable="channel" externalInfoUrl="https://docs.pmd-code.org/pmd-doc-7.0.0-rc3/pmd_rules_java_errorprone.html#closeresource" priority="3">
Ensure that resources like this ServerSocketChannel object are closed after use
</violation>
<violation beginline="579" endline="579" begincolumn="24" endcolumn="25" rule="CloseResource" ruleset="Error Prone" package="org.apache.geode.internal.tcp" class="TCPConduit" method="stop" variable="s" externalInfoUrl="https://docs.pmd-code.org/pmd-doc-7.0.0-rc3/pmd_rules_java_errorprone.html#closeresource" priority="3">
Ensure that resources like this ServerSocket object are closed after use
</violation>
<violation beginline="674" endline="674" begincolumn="14" endcolumn="23" rule="CloseResource" ruleset="Error Prone" package="org.apache.geode.internal.tcp" class="TCPConduit" method="run" variable="othersock" externalInfoUrl="https://docs.pmd-code.org/pmd-doc-7.0.0-rc3/pmd_rules_java_errorprone.html#closeresource" priority="3">
Ensure that resources like this Socket object are closed after use
</violation>
<violation beginline="677" endline="677" begincolumn="25" endcolumn="37" rule="CloseResource" ruleset="Error Prone" package="org.apache.geode.internal.tcp" class="TCPConduit" method="run" variable="otherChannel" externalInfoUrl="https://docs.pmd-code.org/pmd-doc-7.0.0-rc3/pmd_rules_java_errorprone.html#closeresource" priority="3">
Ensure that resources like this SocketChannel object are closed after use
</violation>
</file>
</pmd>
