<?xml version="1.0" encoding="UTF-8"?>
<pmd xmlns="http://pmd.sourceforge.net/report/2.0.0" xmlns:xsi="http://www.w3.org/2001/XMLSchema-instance" xsi:schemaLocation="http://pmd.sourceforge.net/report/2.0.0 http://pmd.sourceforge.net/report_2_0_0.xsd" version="7.0.0-rc3" timestamp="2023-10-22T11:24:04.547">
<file name="/mnt/disk3/lty/JLeaks/data/JavaFile/bug/5542cbdcc828c6bdf8c954b50588f822f68c8403eccc505ceaaf3154dccb2dae.java">
<violation beginline="261" endline="261" begincolumn="16" endcolumn="20" rule="CloseResource" ruleset="Error Prone" package="org.apache.geode.internal.jta" class="JTAUtils" method="deleteRows" variable="conn" externalInfoUrl="https://docs.pmd-code.org/pmd-doc-7.0.0-rc3/pmd_rules_java_errorprone.html#closeresource" priority="3">
Ensure that resources like this Connection object are closed after use
</violation>
<violation beginline="262" endline="262" begincolumn="15" endcolumn="19" rule="CloseResource" ruleset="Error Prone" package="org.apache.geode.internal.jta" class="JTAUtils" method="deleteRows" variable="stmt" externalInfoUrl="https://docs.pmd-code.org/pmd-doc-7.0.0-rc3/pmd_rules_java_errorprone.html#closeresource" priority="3">
Ensure that resources like this Statement object are closed after use
</violation>
<violation beginline="266" endline="266" begincolumn="15" endcolumn="17" rule="CloseResource" ruleset="Error Prone" package="org.apache.geode.internal.jta" class="JTAUtils" method="deleteRows" variable="rs" externalInfoUrl="https://docs.pmd-code.org/pmd-doc-7.0.0-rc3/pmd_rules_java_errorprone.html#closeresource" priority="3">
Ensure that resources like this ResultSet object are closed after use
</violation>
<violation beginline="293" endline="293" begincolumn="16" endcolumn="20" rule="CloseResource" ruleset="Error Prone" package="org.apache.geode.internal.jta" class="JTAUtils" method="getRows" variable="conn" externalInfoUrl="https://docs.pmd-code.org/pmd-doc-7.0.0-rc3/pmd_rules_java_errorprone.html#closeresource" priority="3">
Ensure that resources like this Connection object are closed after use
</violation>
<violation beginline="294" endline="294" begincolumn="15" endcolumn="17" rule="CloseResource" ruleset="Error Prone" package="org.apache.geode.internal.jta" class="JTAUtils" method="getRows" variable="sm" externalInfoUrl="https://docs.pmd-code.org/pmd-doc-7.0.0-rc3/pmd_rules_java_errorprone.html#closeresource" priority="3">
Ensure that resources like this Statement object are closed after use
</violation>
<violation beginline="295" endline="295" begincolumn="15" endcolumn="17" rule="CloseResource" ruleset="Error Prone" package="org.apache.geode.internal.jta" class="JTAUtils" method="getRows" variable="rs" externalInfoUrl="https://docs.pmd-code.org/pmd-doc-7.0.0-rc3/pmd_rules_java_errorprone.html#closeresource" priority="3">
Ensure that resources like this ResultSet object are closed after use
</violation>
<violation beginline="321" endline="321" begincolumn="16" endcolumn="20" rule="CloseResource" ruleset="Error Prone" package="org.apache.geode.internal.jta" class="JTAUtils" method="checkTableAgainstData" variable="conn" externalInfoUrl="https://docs.pmd-code.org/pmd-doc-7.0.0-rc3/pmd_rules_java_errorprone.html#closeresource" priority="3">
Ensure that resources like this Connection object are closed after use
</violation>
<violation beginline="322" endline="322" begincolumn="15" endcolumn="17" rule="CloseResource" ruleset="Error Prone" package="org.apache.geode.internal.jta" class="JTAUtils" method="checkTableAgainstData" variable="sm" externalInfoUrl="https://docs.pmd-code.org/pmd-doc-7.0.0-rc3/pmd_rules_java_errorprone.html#closeresource" priority="3">
Ensure that resources like this Statement object are closed after use
</violation>
<violation beginline="323" endline="323" begincolumn="15" endcolumn="17" rule="CloseResource" ruleset="Error Prone" package="org.apache.geode.internal.jta" class="JTAUtils" method="checkTableAgainstData" variable="rs" externalInfoUrl="https://docs.pmd-code.org/pmd-doc-7.0.0-rc3/pmd_rules_java_errorprone.html#closeresource" priority="3">
Ensure that resources like this ResultSet object are closed after use
</violation>
</file>
</pmd>
