<?xml version="1.0" encoding="UTF-8"?>
<pmd xmlns="http://pmd.sourceforge.net/report/2.0.0" xmlns:xsi="http://www.w3.org/2001/XMLSchema-instance" xsi:schemaLocation="http://pmd.sourceforge.net/report/2.0.0 http://pmd.sourceforge.net/report_2_0_0.xsd" version="7.0.0-rc3" timestamp="2023-10-22T11:58:20.799">
<file name="/mnt/disk3/lty/JLeaks/data/JavaFile/bug/4f0ecf4989d1527f2bc2ed1968108be828dbf951c5cb5271257bc2cf705e70ed.java">
<violation beginline="179" endline="179" begincolumn="23" endcolumn="26" rule="CloseResource" ruleset="Error Prone" package="com.gitblit.wicket.pages" class="ProjectsPage" method="readMarkdown" variable="fis" externalInfoUrl="https://docs.pmd-code.org/pmd-doc-7.0.0-rc3/pmd_rules_java_errorprone.html#closeresource" priority="3">
Ensure that resources like this FileInputStream object are closed after use
</violation>
<violation beginline="180" endline="180" begincolumn="25" endcolumn="31" rule="CloseResource" ruleset="Error Prone" package="com.gitblit.wicket.pages" class="ProjectsPage" method="readMarkdown" variable="reader" externalInfoUrl="https://docs.pmd-code.org/pmd-doc-7.0.0-rc3/pmd_rules_java_errorprone.html#closeresource" priority="3">
Ensure that resources like this InputStreamReader object are closed after use
</violation>
<violation beginline="213" endline="213" begincolumn="16" endcolumn="18" rule="CloseResource" ruleset="Error Prone" package="com.gitblit.wicket.pages" class="ProjectsPage" method="readDefaultMarkdown" variable="is" externalInfoUrl="https://docs.pmd-code.org/pmd-doc-7.0.0-rc3/pmd_rules_java_errorprone.html#closeresource" priority="3">
Ensure that resources like this InputStream object are closed after use
</violation>
<violation beginline="214" endline="214" begincolumn="22" endcolumn="28" rule="CloseResource" ruleset="Error Prone" package="com.gitblit.wicket.pages" class="ProjectsPage" method="readDefaultMarkdown" variable="reader" externalInfoUrl="https://docs.pmd-code.org/pmd-doc-7.0.0-rc3/pmd_rules_java_errorprone.html#closeresource" priority="3">
Ensure that resources like this InputStreamReader object are closed after use
</violation>
</file>
</pmd>
