<?xml version="1.0" encoding="UTF-8"?>
<pmd xmlns="http://pmd.sourceforge.net/report/2.0.0" xmlns:xsi="http://www.w3.org/2001/XMLSchema-instance" xsi:schemaLocation="http://pmd.sourceforge.net/report/2.0.0 http://pmd.sourceforge.net/report_2_0_0.xsd" version="7.0.0-rc3" timestamp="2023-10-22T11:58:59.676">
<file name="/mnt/disk3/lty/JLeaks/data/JavaFile/bug/dc3d8446e19eef3b9a7301c3b9e7e554de6f6fa3a7d0fda97c0cc3f7c49001de.java">
<violation beginline="104" endline="104" begincolumn="20" endcolumn="30" rule="CloseResource" ruleset="Error Prone" package="org.h2.tools" class="CreateCluster" method="process" variable="connSource" externalInfoUrl="https://docs.pmd-code.org/pmd-doc-7.0.0-rc3/pmd_rules_java_errorprone.html#closeresource" priority="3">
Ensure that resources like this Connection object are closed after use
</violation>
<violation beginline="104" endline="104" begincolumn="39" endcolumn="49" rule="CloseResource" ruleset="Error Prone" package="org.h2.tools" class="CreateCluster" method="process" variable="connTarget" externalInfoUrl="https://docs.pmd-code.org/pmd-doc-7.0.0-rc3/pmd_rules_java_errorprone.html#closeresource" priority="3">
Ensure that resources like this Connection object are closed after use
</violation>
<violation beginline="105" endline="105" begincolumn="19" endcolumn="29" rule="CloseResource" ruleset="Error Prone" package="org.h2.tools" class="CreateCluster" method="process" variable="statSource" externalInfoUrl="https://docs.pmd-code.org/pmd-doc-7.0.0-rc3/pmd_rules_java_errorprone.html#closeresource" priority="3">
Ensure that resources like this Statement object are closed after use
</violation>
<violation beginline="105" endline="105" begincolumn="38" endcolumn="48" rule="CloseResource" ruleset="Error Prone" package="org.h2.tools" class="CreateCluster" method="process" variable="statTarget" externalInfoUrl="https://docs.pmd-code.org/pmd-doc-7.0.0-rc3/pmd_rules_java_errorprone.html#closeresource" priority="3">
Ensure that resources like this Statement object are closed after use
</violation>
<violation beginline="117" endline="117" begincolumn="27" endcolumn="31" rule="CloseResource" ruleset="Error Prone" package="org.h2.tools" class="CreateCluster" method="process" variable="stat" externalInfoUrl="https://docs.pmd-code.org/pmd-doc-7.0.0-rc3/pmd_rules_java_errorprone.html#closeresource" priority="3">
Ensure that resources like this Statement object are closed after use
</violation>
<violation beginline="158" endline="158" begincolumn="35" endcolumn="45" rule="CloseResource" ruleset="Error Prone" package="org.h2.tools" class="CreateCluster" method="process" variable="pipeReader" externalInfoUrl="https://docs.pmd-code.org/pmd-doc-7.0.0-rc3/pmd_rules_java_errorprone.html#closeresource" priority="3">
Ensure that resources like this PipedReader object are closed after use
</violation>
<violation beginline="159" endline="159" begincolumn="33" endcolumn="35" rule="CloseResource" ruleset="Error Prone" package="org.h2.tools" class="CreateCluster" method="process" variable="rs" externalInfoUrl="https://docs.pmd-code.org/pmd-doc-7.0.0-rc3/pmd_rules_java_errorprone.html#closeresource" priority="3">
Ensure that resources like this ResultSet object are closed after use
</violation>
<violation beginline="165" endline="165" begincolumn="45" endcolumn="55" rule="CloseResource" ruleset="Error Prone" package="org.h2.tools" method="run" variable="pipeWriter" externalInfoUrl="https://docs.pmd-code.org/pmd-doc-7.0.0-rc3/pmd_rules_java_errorprone.html#closeresource" priority="3">
Ensure that resources like this PipedWriter object are closed after use
</violation>
</file>
</pmd>
