<?xml version="1.0" encoding="UTF-8"?>
<pmd xmlns="http://pmd.sourceforge.net/report/2.0.0" xmlns:xsi="http://www.w3.org/2001/XMLSchema-instance" xsi:schemaLocation="http://pmd.sourceforge.net/report/2.0.0 http://pmd.sourceforge.net/report_2_0_0.xsd" version="7.0.0-rc3" timestamp="2023-10-22T11:24:21.836">
<file name="/mnt/disk3/lty/JLeaks/data/JavaFile/bug/0a518d9a4f1c45c53562eeff20bc598462f4337779c5ad628d41d1dac7cd7ab7.java">
<violation beginline="1929" endline="1929" begincolumn="12" endcolumn="18" rule="CloseResource" ruleset="Error Prone" package="org.apache.hadoop.hbase.zookeeper" class="ZKUtil" method="getServerStats" variable="socket" externalInfoUrl="https://docs.pmd-code.org/pmd-doc-7.0.0-rc3/pmd_rules_java_errorprone.html#closeresource" priority="3">
Ensure that resources like this Socket object are closed after use
</violation>
<violation beginline="1934" endline="1934" begincolumn="17" endcolumn="20" rule="CloseResource" ruleset="Error Prone" package="org.apache.hadoop.hbase.zookeeper" class="ZKUtil" method="getServerStats" variable="out" externalInfoUrl="https://docs.pmd-code.org/pmd-doc-7.0.0-rc3/pmd_rules_java_errorprone.html#closeresource" priority="3">
Ensure that resources like this PrintWriter object are closed after use
</violation>
<violation beginline="1935" endline="1935" begincolumn="20" endcolumn="22" rule="CloseResource" ruleset="Error Prone" package="org.apache.hadoop.hbase.zookeeper" class="ZKUtil" method="getServerStats" variable="in" externalInfoUrl="https://docs.pmd-code.org/pmd-doc-7.0.0-rc3/pmd_rules_java_errorprone.html#closeresource" priority="3">
Ensure that resources like this BufferedReader object are closed after use
</violation>
</file>
</pmd>
