<?xml version="1.0" encoding="UTF-8"?>
<pmd xmlns="http://pmd.sourceforge.net/report/2.0.0" xmlns:xsi="http://www.w3.org/2001/XMLSchema-instance" xsi:schemaLocation="http://pmd.sourceforge.net/report/2.0.0 http://pmd.sourceforge.net/report_2_0_0.xsd" version="7.0.0-rc3" timestamp="2023-10-22T11:24:30.959">
<file name="/mnt/disk3/lty/JLeaks/data/JavaFile/bug/48daa827d9e0ffa76430241a6a48dbd31a37bd180d894321870030aadfe171fc.java">
<violation beginline="71" endline="71" begincolumn="19" endcolumn="21" rule="CloseResource" ruleset="Error Prone" package="org.apache.hadoop.hbase.mapreduce.hadoopbackport" class="JarFinder" method="jarDir" variable="is" externalInfoUrl="https://docs.pmd-code.org/pmd-doc-7.0.0-rc3/pmd_rules_java_errorprone.html#closeresource" priority="3">
Ensure that resources like this FileInputStream object are closed after use
</violation>
<violation beginline="99" endline="99" begincolumn="25" endcolumn="27" rule="CloseResource" ruleset="Error Prone" package="org.apache.hadoop.hbase.mapreduce.hadoopbackport" class="JarFinder" method="zipDir" variable="is" externalInfoUrl="https://docs.pmd-code.org/pmd-doc-7.0.0-rc3/pmd_rules_java_errorprone.html#closeresource" priority="3">
Ensure that resources like this FileInputStream object are closed after use
</violation>
<violation beginline="117" endline="117" begincolumn="21" endcolumn="24" rule="CloseResource" ruleset="Error Prone" package="org.apache.hadoop.hbase.mapreduce.hadoopbackport" class="JarFinder" method="createJar" variable="zos" externalInfoUrl="https://docs.pmd-code.org/pmd-doc-7.0.0-rc3/pmd_rules_java_errorprone.html#closeresource" priority="3">
Ensure that resources like this JarOutputStream object are closed after use
</violation>
</file>
</pmd>
