<?xml version="1.0" encoding="UTF-8"?>
<pmd xmlns="http://pmd.sourceforge.net/report/2.0.0" xmlns:xsi="http://www.w3.org/2001/XMLSchema-instance" xsi:schemaLocation="http://pmd.sourceforge.net/report/2.0.0 http://pmd.sourceforge.net/report_2_0_0.xsd" version="7.0.0-rc3" timestamp="2023-10-22T11:59:24.111">
<file name="/mnt/disk3/lty/JLeaks/data/JavaFile/bug/04c0230780a5b2f40f7a1be1e5a1c9331cf5d34397508f52e715b86590f6d903.java">
<violation beginline="68" endline="68" begincolumn="15" endcolumn="25" rule="CloseResource" ruleset="Error Prone" package="org.hibernate.hql.spi.id" class="IdTableHelper" method="executeIdTableCreationStatements" variable="connection" externalInfoUrl="https://docs.pmd-code.org/pmd-doc-7.0.0-rc3/pmd_rules_java_errorprone.html#closeresource" priority="3">
Ensure that resources like this Connection object are closed after use
</violation>
<violation beginline="80" endline="80" begincolumn="15" endcolumn="24" rule="CloseResource" ruleset="Error Prone" package="org.hibernate.hql.spi.id" class="IdTableHelper" method="executeIdTableCreationStatements" variable="statement" externalInfoUrl="https://docs.pmd-code.org/pmd-doc-7.0.0-rc3/pmd_rules_java_errorprone.html#closeresource" priority="3">
Ensure that resources like this Statement object are closed after use
</violation>
<violation beginline="121" endline="121" begincolumn="15" endcolumn="25" rule="CloseResource" ruleset="Error Prone" package="org.hibernate.hql.spi.id" class="IdTableHelper" method="executeIdTableDropStatements" variable="connection" externalInfoUrl="https://docs.pmd-code.org/pmd-doc-7.0.0-rc3/pmd_rules_java_errorprone.html#closeresource" priority="3">
Ensure that resources like this Connection object are closed after use
</violation>
<violation beginline="125" endline="125" begincolumn="15" endcolumn="24" rule="CloseResource" ruleset="Error Prone" package="org.hibernate.hql.spi.id" class="IdTableHelper" method="executeIdTableDropStatements" variable="statement" externalInfoUrl="https://docs.pmd-code.org/pmd-doc-7.0.0-rc3/pmd_rules_java_errorprone.html#closeresource" priority="3">
Ensure that resources like this Statement object are closed after use
</violation>
</file>
</pmd>
