<?xml version="1.0" encoding="UTF-8"?>
<pmd xmlns="http://pmd.sourceforge.net/report/2.0.0" xmlns:xsi="http://www.w3.org/2001/XMLSchema-instance" xsi:schemaLocation="http://pmd.sourceforge.net/report/2.0.0 http://pmd.sourceforge.net/report_2_0_0.xsd" version="7.0.0-rc3" timestamp="2023-10-22T11:59:25.548">
<file name="/mnt/disk3/lty/JLeaks/data/JavaFile/bug/d0682cd689083c45273c76f3191819e039e14a8db6c46fccd8f24d1c4e3e15cc.java">
<violation beginline="111" endline="111" begincolumn="15" endcolumn="21" rule="CloseResource" ruleset="Error Prone" package="org.hibernate.jpamodelgen.xml" class="JpaDescriptorParser" method="getPersistence" variable="stream" externalInfoUrl="https://docs.pmd-code.org/pmd-doc-7.0.0-rc3/pmd_rules_java_errorprone.html#closeresource" priority="3">
Ensure that resources like this InputStream object are closed after use
</violation>
<violation beginline="138" endline="138" begincolumn="16" endcolumn="22" rule="CloseResource" ruleset="Error Prone" package="org.hibernate.jpamodelgen.xml" class="JpaDescriptorParser" method="loadEntityMappings" variable="stream" externalInfoUrl="https://docs.pmd-code.org/pmd-doc-7.0.0-rc3/pmd_rules_java_errorprone.html#closeresource" priority="3">
Ensure that resources like this InputStream object are closed after use
</violation>
<violation beginline="201" endline="201" begincolumn="17" endcolumn="20" rule="CloseResource" ruleset="Error Prone" package="org.hibernate.jpamodelgen.xml" class="JpaDescriptorParser" method="saveTimeStampCache" variable="out" externalInfoUrl="https://docs.pmd-code.org/pmd-doc-7.0.0-rc3/pmd_rules_java_errorprone.html#closeresource" priority="3">
Ensure that resources like this ObjectOutputStream object are closed after use
</violation>
<violation beginline="225" endline="225" begincolumn="23" endcolumn="25" rule="CloseResource" ruleset="Error Prone" package="org.hibernate.jpamodelgen.xml" class="JpaDescriptorParser" method="loadTimeStampCache" variable="in" externalInfoUrl="https://docs.pmd-code.org/pmd-doc-7.0.0-rc3/pmd_rules_java_errorprone.html#closeresource" priority="3">
Ensure that resources like this ObjectInputStream object are closed after use
</violation>
</file>
</pmd>
