<?xml version="1.0" encoding="UTF-8"?>
<pmd xmlns="http://pmd.sourceforge.net/report/2.0.0" xmlns:xsi="http://www.w3.org/2001/XMLSchema-instance" xsi:schemaLocation="http://pmd.sourceforge.net/report/2.0.0 http://pmd.sourceforge.net/report_2_0_0.xsd" version="7.0.0-rc3" timestamp="2023-10-22T12:59:21.693">
<file name="/mnt/disk3/lty/JLeaks/data/JavaFile/bug/b01aa8271794fbfad62b226e2fe864c276fa7bee42db8c2b0e1964c92b518cba.java">
<violation beginline="39" endline="39" begincolumn="24" endcolumn="30" rule="CloseResource" ruleset="Error Prone" package="gpinf.util" class="FileUtil" method="read" variable="reader" externalInfoUrl="https://docs.pmd-code.org/pmd-doc-7.0.0-rc3/pmd_rules_java_errorprone.html#closeresource" priority="3">
Ensure that resources like this BufferedReader object are closed after use
</violation>
<violation beginline="98" endline="98" begincolumn="21" endcolumn="31" rule="CloseResource" ruleset="Error Prone" package="gpinf.util" class="FileUtil" method="copy" variable="srcChannel" externalInfoUrl="https://docs.pmd-code.org/pmd-doc-7.0.0-rc3/pmd_rules_java_errorprone.html#closeresource" priority="3">
Ensure that resources like this FileChannel object are closed after use
</violation>
<violation beginline="99" endline="99" begincolumn="21" endcolumn="31" rule="CloseResource" ruleset="Error Prone" package="gpinf.util" class="FileUtil" method="copy" variable="dstChannel" externalInfoUrl="https://docs.pmd-code.org/pmd-doc-7.0.0-rc3/pmd_rules_java_errorprone.html#closeresource" priority="3">
Ensure that resources like this FileChannel object are closed after use
</violation>
</file>
</pmd>
