<?xml version="1.0" encoding="UTF-8"?>
<pmd xmlns="http://pmd.sourceforge.net/report/2.0.0" xmlns:xsi="http://www.w3.org/2001/XMLSchema-instance" xsi:schemaLocation="http://pmd.sourceforge.net/report/2.0.0 http://pmd.sourceforge.net/report_2_0_0.xsd" version="7.0.0-rc3" timestamp="2023-10-22T12:08:54.945">
<file name="/mnt/disk3/lty/JLeaks/data/JavaFile/bug/d60ff2fbd30738becd15275470e71b8c0a0625451d2b843fd867a9b0018b2e4c.java">
<violation beginline="133" endline="133" begincolumn="25" endcolumn="27" rule="CloseResource" ruleset="Error Prone" package="org.javalite.http" class="Request" method="bytes" variable="in" externalInfoUrl="https://docs.pmd-code.org/pmd-doc-7.0.0-rc3/pmd_rules_java_errorprone.html#closeresource" priority="3">
Ensure that resources like this InputStream object are closed after use
</violation>
<violation beginline="195" endline="195" begincolumn="25" endcolumn="27" rule="CloseResource" ruleset="Error Prone" package="org.javalite.http" class="Request" method="dispose" variable="in" externalInfoUrl="https://docs.pmd-code.org/pmd-doc-7.0.0-rc3/pmd_rules_java_errorprone.html#closeresource" priority="3">
Ensure that resources like this InputStream object are closed after use
</violation>
<violation beginline="202" endline="202" begincolumn="29" endcolumn="40" rule="CloseResource" ruleset="Error Prone" package="org.javalite.http" class="Request" method="dispose" variable="errorStream" externalInfoUrl="https://docs.pmd-code.org/pmd-doc-7.0.0-rc3/pmd_rules_java_errorprone.html#closeresource" priority="3">
Ensure that resources like this InputStream object are closed after use
</violation>
</file>
</pmd>
