<?xml version="1.0" encoding="UTF-8"?>
<pmd xmlns="http://pmd.sourceforge.net/report/2.0.0" xmlns:xsi="http://www.w3.org/2001/XMLSchema-instance" xsi:schemaLocation="http://pmd.sourceforge.net/report/2.0.0 http://pmd.sourceforge.net/report_2_0_0.xsd" version="7.0.0-rc3" timestamp="2023-10-22T11:37:52.325">
<file name="/mnt/disk3/lty/JLeaks/data/JavaFile/bug/b5cc11b6303cea718b836ed9b2146dc03328ae52b672531080572fcc1102b9d4.java">
<violation beginline="131" endline="131" begincolumn="21" endcolumn="23" rule="CloseResource" ruleset="Error Prone" package="org.bytedeco.javacpp" class="Loader" method="loadProperties" variable="is" externalInfoUrl="https://docs.pmd-code.org/pmd-doc-7.0.0-rc3/pmd_rules_java_errorprone.html#closeresource" priority="3">
Ensure that resources like this InputStream object are closed after use
</violation>
<violation beginline="286" endline="286" begincolumn="21" endcolumn="23" rule="CloseResource" ruleset="Error Prone" package="org.bytedeco.javacpp" class="Loader" method="extractResource" variable="is" externalInfoUrl="https://docs.pmd-code.org/pmd-doc-7.0.0-rc3/pmd_rules_java_errorprone.html#closeresource" priority="3">
Ensure that resources like this InputStream object are closed after use
</violation>
<violation beginline="302" endline="302" begincolumn="30" endcolumn="32" rule="CloseResource" ruleset="Error Prone" package="org.bytedeco.javacpp" class="Loader" method="extractResource" variable="os" externalInfoUrl="https://docs.pmd-code.org/pmd-doc-7.0.0-rc3/pmd_rules_java_errorprone.html#closeresource" priority="3">
Ensure that resources like this FileOutputStream object are closed after use
</violation>
</file>
</pmd>
