<?xml version="1.0" encoding="UTF-8"?>
<pmd xmlns="http://pmd.sourceforge.net/report/2.0.0" xmlns:xsi="http://www.w3.org/2001/XMLSchema-instance" xsi:schemaLocation="http://pmd.sourceforge.net/report/2.0.0 http://pmd.sourceforge.net/report_2_0_0.xsd" version="7.0.0-rc3" timestamp="2023-10-22T12:13:09.145">
<file name="/mnt/disk3/lty/JLeaks/data/JavaFile/bug/16a598f0bebddb1ac1e1e3ecbd8067579a47fdb55c6044b49c9adfeb648643bd.java">
<violation beginline="831" endline="831" begincolumn="41" endcolumn="44" rule="CloseResource" ruleset="Error Prone" package="java.awt.color" class="ICC_Profile" method="getInstance" variable="pdi" externalInfoUrl="https://docs.pmd-code.org/pmd-doc-7.0.0-rc3/pmd_rules_java_errorprone.html#closeresource" priority="3">
Ensure that resources like this ProfileDeferralInfo object are closed after use
</violation>
<violation beginline="845" endline="845" begincolumn="41" endcolumn="44" rule="CloseResource" ruleset="Error Prone" package="java.awt.color" class="ICC_Profile" method="getInstance" variable="pdi" externalInfoUrl="https://docs.pmd-code.org/pmd-doc-7.0.0-rc3/pmd_rules_java_errorprone.html#closeresource" priority="3">
Ensure that resources like this ProfileDeferralInfo object are closed after use
</violation>
<violation beginline="859" endline="859" begincolumn="41" endcolumn="44" rule="CloseResource" ruleset="Error Prone" package="java.awt.color" class="ICC_Profile" method="getInstance" variable="pdi" externalInfoUrl="https://docs.pmd-code.org/pmd-doc-7.0.0-rc3/pmd_rules_java_errorprone.html#closeresource" priority="3">
Ensure that resources like this ProfileDeferralInfo object are closed after use
</violation>
<violation beginline="873" endline="873" begincolumn="41" endcolumn="44" rule="CloseResource" ruleset="Error Prone" package="java.awt.color" class="ICC_Profile" method="getInstance" variable="pdi" externalInfoUrl="https://docs.pmd-code.org/pmd-doc-7.0.0-rc3/pmd_rules_java_errorprone.html#closeresource" priority="3">
Ensure that resources like this ProfileDeferralInfo object are closed after use
</violation>
<violation beginline="887" endline="887" begincolumn="41" endcolumn="44" rule="CloseResource" ruleset="Error Prone" package="java.awt.color" class="ICC_Profile" method="getInstance" variable="pdi" externalInfoUrl="https://docs.pmd-code.org/pmd-doc-7.0.0-rc3/pmd_rules_java_errorprone.html#closeresource" priority="3">
Ensure that resources like this ProfileDeferralInfo object are closed after use
</violation>
<violation beginline="931" endline="931" begincolumn="21" endcolumn="23" rule="CloseResource" ruleset="Error Prone" package="java.awt.color" class="ICC_Profile" method="getInstance" variable="is" externalInfoUrl="https://docs.pmd-code.org/pmd-doc-7.0.0-rc3/pmd_rules_java_errorprone.html#closeresource" priority="3">
Ensure that resources like this InputStream object are closed after use
</violation>
<violation beginline="1009" endline="1009" begincolumn="21" endcolumn="23" rule="CloseResource" ruleset="Error Prone" package="java.awt.color" class="ICC_Profile" method="activate" variable="is" externalInfoUrl="https://docs.pmd-code.org/pmd-doc-7.0.0-rc3/pmd_rules_java_errorprone.html#closeresource" priority="3">
Ensure that resources like this InputStream object are closed after use
</violation>
<violation beginline="1177" endline="1177" begincolumn="22" endcolumn="32" rule="CloseResource" ruleset="Error Prone" package="java.awt.color" class="ICC_Profile" method="write" variable="outputFile" externalInfoUrl="https://docs.pmd-code.org/pmd-doc-7.0.0-rc3/pmd_rules_java_errorprone.html#closeresource" priority="3">
Ensure that resources like this FileOutputStream object are closed after use
</violation>
</file>
</pmd>
