<?xml version="1.0" encoding="UTF-8"?>
<pmd xmlns="http://pmd.sourceforge.net/report/2.0.0" xmlns:xsi="http://www.w3.org/2001/XMLSchema-instance" xsi:schemaLocation="http://pmd.sourceforge.net/report/2.0.0 http://pmd.sourceforge.net/report_2_0_0.xsd" version="7.0.0-rc3" timestamp="2023-10-22T12:18:24.628">
<file name="/mnt/disk3/lty/JLeaks/data/JavaFile/bug/87de673f68c7515afbb9ac63550fbfdb2dcf7a1dbdacd6a3e64ab457192ef548.java">
<violation beginline="125" endline="125" begincolumn="17" endcolumn="22" rule="CloseResource" ruleset="Error Prone" package="com.badlogic.gdx.jnigen" class="JniGenSharedLibraryLoader" method="extractLibrary" variable="input" externalInfoUrl="https://docs.pmd-code.org/pmd-doc-7.0.0-rc3/pmd_rules_java_errorprone.html#closeresource" priority="3">
Ensure that resources like this InputStream object are closed after use
</violation>
<violation beginline="132" endline="132" begincolumn="22" endcolumn="28" rule="CloseResource" ruleset="Error Prone" package="com.badlogic.gdx.jnigen" class="JniGenSharedLibraryLoader" method="extractLibrary" variable="output" externalInfoUrl="https://docs.pmd-code.org/pmd-doc-7.0.0-rc3/pmd_rules_java_errorprone.html#closeresource" priority="3">
Ensure that resources like this FileOutputStream object are closed after use
</violation>
<violation beginline="150" endline="150" begincolumn="11" endcolumn="15" rule="CloseResource" ruleset="Error Prone" package="com.badlogic.gdx.jnigen" class="JniGenSharedLibraryLoader" method="getFromJar" variable="file" externalInfoUrl="https://docs.pmd-code.org/pmd-doc-7.0.0-rc3/pmd_rules_java_errorprone.html#closeresource" priority="3">
Ensure that resources like this ZipFile object are closed after use
</violation>
</file>
</pmd>
