<?xml version="1.0" encoding="UTF-8"?>
<pmd xmlns="http://pmd.sourceforge.net/report/2.0.0" xmlns:xsi="http://www.w3.org/2001/XMLSchema-instance" xsi:schemaLocation="http://pmd.sourceforge.net/report/2.0.0 http://pmd.sourceforge.net/report_2_0_0.xsd" version="7.0.0-rc3" timestamp="2023-10-22T12:18:37.967">
<file name="/mnt/disk3/lty/JLeaks/data/JavaFile/bug/981a3c0584f56cee73db7e0eb6ae4c113ebedfe7253cf5e5291cf04c698003d9.java">
<violation beginline="106" endline="106" begincolumn="15" endcolumn="31" rule="CloseResource" ruleset="Error Prone" package="com.liferay.wiki.importer.impl.mediawiki" class="MediaWikiImporter" method="importPages" variable="pagesInputStream" externalInfoUrl="https://docs.pmd-code.org/pmd-doc-7.0.0-rc3/pmd_rules_java_errorprone.html#closeresource" priority="3">
Ensure that resources like this InputStream object are closed after use
</violation>
<violation beginline="108" endline="108" begincolumn="15" endcolumn="31" rule="CloseResource" ruleset="Error Prone" package="com.liferay.wiki.importer.impl.mediawiki" class="MediaWikiImporter" method="importPages" variable="usersInputStream" externalInfoUrl="https://docs.pmd-code.org/pmd-doc-7.0.0-rc3/pmd_rules_java_errorprone.html#closeresource" priority="3">
Ensure that resources like this InputStream object are closed after use
</violation>
<violation beginline="114" endline="114" begincolumn="15" endcolumn="32" rule="CloseResource" ruleset="Error Prone" package="com.liferay.wiki.importer.impl.mediawiki" class="MediaWikiImporter" method="importPages" variable="imagesInputStream" externalInfoUrl="https://docs.pmd-code.org/pmd-doc-7.0.0-rc3/pmd_rules_java_errorprone.html#closeresource" priority="3">
Ensure that resources like this InputStream object are closed after use
</violation>
<violation beginline="388" endline="388" begincolumn="17" endcolumn="28" rule="CloseResource" ruleset="Error Prone" package="com.liferay.wiki.importer.impl.mediawiki" class="MediaWikiImporter" method="processImages" variable="inputStream" externalInfoUrl="https://docs.pmd-code.org/pmd-doc-7.0.0-rc3/pmd_rules_java_errorprone.html#closeresource" priority="3">
Ensure that resources like this InputStream object are closed after use
</violation>
<violation beginline="436" endline="436" begincolumn="17" endcolumn="28" rule="CloseResource" ruleset="Error Prone" package="com.liferay.wiki.importer.impl.mediawiki" class="MediaWikiImporter" method="processImages" variable="inputStream" externalInfoUrl="https://docs.pmd-code.org/pmd-doc-7.0.0-rc3/pmd_rules_java_errorprone.html#closeresource" priority="3">
Ensure that resources like this InputStream object are closed after use
</violation>
</file>
</pmd>
