<?xml version="1.0" encoding="UTF-8"?>
<pmd xmlns="http://pmd.sourceforge.net/report/2.0.0" xmlns:xsi="http://www.w3.org/2001/XMLSchema-instance" xsi:schemaLocation="http://pmd.sourceforge.net/report/2.0.0 http://pmd.sourceforge.net/report_2_0_0.xsd" version="7.0.0-rc3" timestamp="2023-10-22T12:18:54.282">
<file name="/mnt/disk3/lty/JLeaks/data/JavaFile/bug/0ffd04ca851c16ca7c824ce22227fceebd40d4770e3e483c022eedb3fc50bf0f.java">
<violation beginline="107" endline="107" begincolumn="27" endcolumn="31" rule="CloseResource" ruleset="Error Prone" package="com.linbit.drbdmanage.security" class="ObjectProtectionDerbyDriver" method="insertOp" variable="stmt" externalInfoUrl="https://docs.pmd-code.org/pmd-doc-7.0.0-rc3/pmd_rules_java_errorprone.html#closeresource" priority="3">
Ensure that resources like this PreparedStatement object are closed after use
</violation>
<violation beginline="121" endline="121" begincolumn="27" endcolumn="31" rule="CloseResource" ruleset="Error Prone" package="com.linbit.drbdmanage.security" class="ObjectProtectionDerbyDriver" method="updateOp" variable="stmt" externalInfoUrl="https://docs.pmd-code.org/pmd-doc-7.0.0-rc3/pmd_rules_java_errorprone.html#closeresource" priority="3">
Ensure that resources like this PreparedStatement object are closed after use
</violation>
<violation beginline="135" endline="135" begincolumn="27" endcolumn="31" rule="CloseResource" ruleset="Error Prone" package="com.linbit.drbdmanage.security" class="ObjectProtectionDerbyDriver" method="deleteOp" variable="stmt" externalInfoUrl="https://docs.pmd-code.org/pmd-doc-7.0.0-rc3/pmd_rules_java_errorprone.html#closeresource" priority="3">
Ensure that resources like this PreparedStatement object are closed after use
</violation>
<violation beginline="152" endline="152" begincolumn="27" endcolumn="31" rule="CloseResource" ruleset="Error Prone" package="com.linbit.drbdmanage.security" class="ObjectProtectionDerbyDriver" method="insertAcl" variable="stmt" externalInfoUrl="https://docs.pmd-code.org/pmd-doc-7.0.0-rc3/pmd_rules_java_errorprone.html#closeresource" priority="3">
Ensure that resources like this PreparedStatement object are closed after use
</violation>
<violation beginline="172" endline="172" begincolumn="27" endcolumn="31" rule="CloseResource" ruleset="Error Prone" package="com.linbit.drbdmanage.security" class="ObjectProtectionDerbyDriver" method="updateAcl" variable="stmt" externalInfoUrl="https://docs.pmd-code.org/pmd-doc-7.0.0-rc3/pmd_rules_java_errorprone.html#closeresource" priority="3">
Ensure that resources like this PreparedStatement object are closed after use
</violation>
<violation beginline="185" endline="185" begincolumn="27" endcolumn="31" rule="CloseResource" ruleset="Error Prone" package="com.linbit.drbdmanage.security" class="ObjectProtectionDerbyDriver" method="deleteAcl" variable="stmt" externalInfoUrl="https://docs.pmd-code.org/pmd-doc-7.0.0-rc3/pmd_rules_java_errorprone.html#closeresource" priority="3">
Ensure that resources like this PreparedStatement object are closed after use
</violation>
<violation beginline="197" endline="197" begincolumn="27" endcolumn="37" rule="CloseResource" ruleset="Error Prone" package="com.linbit.drbdmanage.security" class="ObjectProtectionDerbyDriver" method="loadObjectProtection" variable="opLoadStmt" externalInfoUrl="https://docs.pmd-code.org/pmd-doc-7.0.0-rc3/pmd_rules_java_errorprone.html#closeresource" priority="3">
Ensure that resources like this PreparedStatement object are closed after use
</violation>
<violation beginline="201" endline="201" begincolumn="19" endcolumn="30" rule="CloseResource" ruleset="Error Prone" package="com.linbit.drbdmanage.security" class="ObjectProtectionDerbyDriver" method="loadObjectProtection" variable="opResultSet" externalInfoUrl="https://docs.pmd-code.org/pmd-doc-7.0.0-rc3/pmd_rules_java_errorprone.html#closeresource" priority="3">
Ensure that resources like this ResultSet object are closed after use
</violation>
<violation beginline="256" endline="256" begincolumn="31" endcolumn="42" rule="CloseResource" ruleset="Error Prone" package="com.linbit.drbdmanage.security" class="ObjectProtectionDerbyDriver" method="loadObjectProtection" variable="aclLoadStmt" externalInfoUrl="https://docs.pmd-code.org/pmd-doc-7.0.0-rc3/pmd_rules_java_errorprone.html#closeresource" priority="3">
Ensure that resources like this PreparedStatement object are closed after use
</violation>
<violation beginline="258" endline="258" begincolumn="23" endcolumn="35" rule="CloseResource" ruleset="Error Prone" package="com.linbit.drbdmanage.security" class="ObjectProtectionDerbyDriver" method="loadObjectProtection" variable="aclResultSet" externalInfoUrl="https://docs.pmd-code.org/pmd-doc-7.0.0-rc3/pmd_rules_java_errorprone.html#closeresource" priority="3">
Ensure that resources like this ResultSet object are closed after use
</violation>
<violation beginline="326" endline="326" begincolumn="31" endcolumn="35" rule="CloseResource" ruleset="Error Prone" package="com.linbit.drbdmanage.security" class="IdentityDerbyDriver" method="update" variable="stmt" externalInfoUrl="https://docs.pmd-code.org/pmd-doc-7.0.0-rc3/pmd_rules_java_errorprone.html#closeresource" priority="3">
Ensure that resources like this PreparedStatement object are closed after use
</violation>
<violation beginline="341" endline="341" begincolumn="31" endcolumn="35" rule="CloseResource" ruleset="Error Prone" package="com.linbit.drbdmanage.security" class="RoleDerbyDriver" method="update" variable="stmt" externalInfoUrl="https://docs.pmd-code.org/pmd-doc-7.0.0-rc3/pmd_rules_java_errorprone.html#closeresource" priority="3">
Ensure that resources like this PreparedStatement object are closed after use
</violation>
<violation beginline="356" endline="356" begincolumn="31" endcolumn="35" rule="CloseResource" ruleset="Error Prone" package="com.linbit.drbdmanage.security" class="SecurityTypeDerbyDriver" method="update" variable="stmt" externalInfoUrl="https://docs.pmd-code.org/pmd-doc-7.0.0-rc3/pmd_rules_java_errorprone.html#closeresource" priority="3">
Ensure that resources like this PreparedStatement object are closed after use
</violation>
</file>
</pmd>
