<?xml version="1.0" encoding="UTF-8"?>
<pmd xmlns="http://pmd.sourceforge.net/report/2.0.0" xmlns:xsi="http://www.w3.org/2001/XMLSchema-instance" xsi:schemaLocation="http://pmd.sourceforge.net/report/2.0.0 http://pmd.sourceforge.net/report_2_0_0.xsd" version="7.0.0-rc3" timestamp="2023-10-22T12:24:23.998">
<file name="/mnt/disk3/lty/JLeaks/data/JavaFile/bug/5e46d211e3850c1d7b2cee752f2c5f2c26933f2b320f8f0a129c1fb67858ab32.java">
<violation beginline="405" endline="405" begincolumn="33" endcolumn="39" rule="CloseResource" ruleset="Error Prone" package="liquibase.commandline" class="CommandLineMigrator" method="configureClassLoader" variable="earZip" externalInfoUrl="https://docs.pmd-code.org/pmd-doc-7.0.0-rc3/pmd_rules_java_errorprone.html#closeresource" priority="3">
Ensure that resources like this JarFile object are closed after use
</violation>
<violation beginline="447" endline="447" begincolumn="17" endcolumn="23" rule="CloseResource" ruleset="Error Prone" package="liquibase.commandline" class="CommandLineMigrator" method="addWarFileClasspathEntries" variable="warZip" externalInfoUrl="https://docs.pmd-code.org/pmd-doc-7.0.0-rc3/pmd_rules_java_errorprone.html#closeresource" priority="3">
Ensure that resources like this JarFile object are closed after use
</violation>
<violation beginline="465" endline="465" begincolumn="29" endcolumn="37" rule="CloseResource" ruleset="Error Prone" package="liquibase.commandline" class="CommandLineMigrator" method="extract" variable="inStream" externalInfoUrl="https://docs.pmd-code.org/pmd-doc-7.0.0-rc3/pmd_rules_java_errorprone.html#closeresource" priority="3">
Ensure that resources like this BufferedInputStream object are closed after use
</violation>
<violation beginline="466" endline="466" begincolumn="30" endcolumn="39" rule="CloseResource" ruleset="Error Prone" package="liquibase.commandline" class="CommandLineMigrator" method="extract" variable="outStream" externalInfoUrl="https://docs.pmd-code.org/pmd-doc-7.0.0-rc3/pmd_rules_java_errorprone.html#closeresource" priority="3">
Ensure that resources like this BufferedOutputStream object are closed after use
</violation>
<violation beginline="525" endline="525" begincolumn="20" endcolumn="30" rule="CloseResource" ruleset="Error Prone" package="liquibase.commandline" class="CommandLineMigrator" method="doMigration" variable="connection" externalInfoUrl="https://docs.pmd-code.org/pmd-doc-7.0.0-rc3/pmd_rules_java_errorprone.html#closeresource" priority="3">
Ensure that resources like this Connection object are closed after use
</violation>
</file>
</pmd>
