<?xml version="1.0" encoding="UTF-8"?>
<pmd xmlns="http://pmd.sourceforge.net/report/2.0.0" xmlns:xsi="http://www.w3.org/2001/XMLSchema-instance" xsi:schemaLocation="http://pmd.sourceforge.net/report/2.0.0 http://pmd.sourceforge.net/report_2_0_0.xsd" version="7.0.0-rc3" timestamp="2023-10-22T11:56:40.291">
<file name="/mnt/disk3/lty/JLeaks/data/JavaFile/bug/d83f86654af934fe422fb94c4e5c86100a5448df01e7ed9acb9a88e8d1585561.java">
<violation beginline="172" endline="172" begincolumn="26" endcolumn="29" rule="CloseResource" ruleset="Error Prone" package="org.logstash.ackedqueue.io" class="MmapPageIO" method="create" variable="raf" externalInfoUrl="https://docs.pmd-code.org/pmd-doc-7.0.0-rc3/pmd_rules_java_errorprone.html#closeresource" priority="3">
Ensure that resources like this RandomAccessFile object are closed after use
</violation>
<violation beginline="191" endline="191" begincolumn="30" endcolumn="33" rule="CloseResource" ruleset="Error Prone" package="org.logstash.ackedqueue.io" class="MmapPageIO" method="activate" variable="raf" externalInfoUrl="https://docs.pmd-code.org/pmd-doc-7.0.0-rc3/pmd_rules_java_errorprone.html#closeresource" priority="3">
Ensure that resources like this RandomAccessFile object are closed after use
</violation>
<violation beginline="277" endline="277" begincolumn="26" endcolumn="29" rule="CloseResource" ruleset="Error Prone" package="org.logstash.ackedqueue.io" class="MmapPageIO" method="mapFile" variable="raf" externalInfoUrl="https://docs.pmd-code.org/pmd-doc-7.0.0-rc3/pmd_rules_java_errorprone.html#closeresource" priority="3">
Ensure that resources like this RandomAccessFile object are closed after use
</violation>
</file>
</pmd>
