<?xml version="1.0" encoding="UTF-8"?>
<pmd xmlns="http://pmd.sourceforge.net/report/2.0.0" xmlns:xsi="http://www.w3.org/2001/XMLSchema-instance" xsi:schemaLocation="http://pmd.sourceforge.net/report/2.0.0 http://pmd.sourceforge.net/report_2_0_0.xsd" version="7.0.0-rc3" timestamp="2023-10-22T12:47:58.956">
<file name="/mnt/disk3/lty/JLeaks/data/JavaFile/bug/7960ce2e5176eff8e2a4897b836904263d94c15e008d4081bf98f8ecf76ca4e7.java">
<violation beginline="119" endline="119" begincolumn="15" endcolumn="21" rule="CloseResource" ruleset="Error Prone" package="lombok.eclipse.agent" class="MavenEcjBootstrapApp" method="makeJvmConfig" variable="writer" externalInfoUrl="https://docs.pmd-code.org/pmd-doc-7.0.0-rc3/pmd_rules_java_errorprone.html#closeresource" priority="3">
Ensure that resources like this FileWriter object are closed after use
</violation>
<violation beginline="139" endline="139" begincolumn="16" endcolumn="21" rule="CloseResource" ruleset="Error Prone" package="lombok.eclipse.agent" class="MavenEcjBootstrapApp" method="makeJar" variable="input" externalInfoUrl="https://docs.pmd-code.org/pmd-doc-7.0.0-rc3/pmd_rules_java_errorprone.html#closeresource" priority="3">
Ensure that resources like this InputStream object are closed after use
</violation>
<violation beginline="140" endline="140" begincolumn="21" endcolumn="27" rule="CloseResource" ruleset="Error Prone" package="lombok.eclipse.agent" class="MavenEcjBootstrapApp" method="makeJar" variable="output" externalInfoUrl="https://docs.pmd-code.org/pmd-doc-7.0.0-rc3/pmd_rules_java_errorprone.html#closeresource" priority="3">
Ensure that resources like this FileOutputStream object are closed after use
</violation>
</file>
</pmd>
