<?xml version="1.0" encoding="UTF-8"?>
<pmd xmlns="http://pmd.sourceforge.net/report/2.0.0" xmlns:xsi="http://www.w3.org/2001/XMLSchema-instance" xsi:schemaLocation="http://pmd.sourceforge.net/report/2.0.0 http://pmd.sourceforge.net/report_2_0_0.xsd" version="7.0.0-rc3" timestamp="2023-10-22T11:26:42.100">
<file name="/mnt/disk3/lty/JLeaks/data/JavaFile/bug/34e4b99838d853c17c63e55c1f13612696a5dea8c524969f9a69eb48b0143ac1.java">
<violation beginline="57" endline="57" begincolumn="14" endcolumn="20" rule="CloseResource" ruleset="Error Prone" package="org.apache.lucene.benchmark.byTask.feeds" class="FileBasedQueryMaker" method="prepareQueries" variable="reader" externalInfoUrl="https://docs.pmd-code.org/pmd-doc-7.0.0-rc3/pmd_rules_java_errorprone.html#closeresource" priority="3">
Ensure that resources like this Reader object are closed after use
</violation>
<violation beginline="62" endline="62" begincolumn="21" endcolumn="29" rule="CloseResource" ruleset="Error Prone" package="org.apache.lucene.benchmark.byTask.feeds" class="FileBasedQueryMaker" method="prepareQueries" variable="asStream" externalInfoUrl="https://docs.pmd-code.org/pmd-doc-7.0.0-rc3/pmd_rules_java_errorprone.html#closeresource" priority="3">
Ensure that resources like this InputStream object are closed after use
</violation>
<violation beginline="68" endline="68" begincolumn="24" endcolumn="32" rule="CloseResource" ruleset="Error Prone" package="org.apache.lucene.benchmark.byTask.feeds" class="FileBasedQueryMaker" method="prepareQueries" variable="buffered" externalInfoUrl="https://docs.pmd-code.org/pmd-doc-7.0.0-rc3/pmd_rules_java_errorprone.html#closeresource" priority="3">
Ensure that resources like this BufferedReader object are closed after use
</violation>
</file>
</pmd>
