<?xml version="1.0" encoding="UTF-8"?>
<pmd xmlns="http://pmd.sourceforge.net/report/2.0.0" xmlns:xsi="http://www.w3.org/2001/XMLSchema-instance" xsi:schemaLocation="http://pmd.sourceforge.net/report/2.0.0 http://pmd.sourceforge.net/report_2_0_0.xsd" version="7.0.0-rc3" timestamp="2023-10-22T11:27:02.683">
<file name="/mnt/disk3/lty/JLeaks/data/JavaFile/bug/47155ffed2469b01cedabdaa731ae3e2d9caba21fb172d6ccdba560cef3d4097.java">
<violation beginline="96" endline="96" begincolumn="26" endcolumn="32" rule="CloseResource" ruleset="Error Prone" package="org.apache.lucene.analysis.cn.smart.hhmm" class="BigramDictionary" method="saveToObj" variable="output" externalInfoUrl="https://docs.pmd-code.org/pmd-doc-7.0.0-rc3/pmd_rules_java_errorprone.html#closeresource" priority="3">
Ensure that resources like this ObjectOutputStream object are closed after use
</violation>
<violation beginline="108" endline="108" begincolumn="17" endcolumn="22" rule="CloseResource" ruleset="Error Prone" package="org.apache.lucene.analysis.cn.smart.hhmm" class="BigramDictionary" method="load" variable="input" externalInfoUrl="https://docs.pmd-code.org/pmd-doc-7.0.0-rc3/pmd_rules_java_errorprone.html#closeresource" priority="3">
Ensure that resources like this InputStream object are closed after use
</violation>
<violation beginline="150" endline="150" begincolumn="21" endcolumn="28" rule="CloseResource" ruleset="Error Prone" package="org.apache.lucene.analysis.cn.smart.hhmm" class="BigramDictionary" method="loadFromFile" variable="dctFile" externalInfoUrl="https://docs.pmd-code.org/pmd-doc-7.0.0-rc3/pmd_rules_java_errorprone.html#closeresource" priority="3">
Ensure that resources like this DataInputStream object are closed after use
</violation>
</file>
</pmd>
