<?xml version="1.0" encoding="UTF-8"?>
<pmd xmlns="http://pmd.sourceforge.net/report/2.0.0" xmlns:xsi="http://www.w3.org/2001/XMLSchema-instance" xsi:schemaLocation="http://pmd.sourceforge.net/report/2.0.0 http://pmd.sourceforge.net/report_2_0_0.xsd" version="7.0.0-rc3" timestamp="2023-10-22T12:56:30.472">
<file name="/mnt/disk3/lty/JLeaks/data/JavaFile/bug/fdbfeabcf950b5705efbd9c664904a1037514096469e62cd555722e20fcbf75c.java">
<violation beginline="129" endline="129" begincolumn="17" endcolumn="25" rule="CloseResource" ruleset="Error Prone" package="net.rptools.lib" class="FileUtil" method="saveResource" variable="inStream" externalInfoUrl="https://docs.pmd-code.org/pmd-doc-7.0.0-rc3/pmd_rules_java_errorprone.html#closeresource" priority="3">
Ensure that resources like this InputStream object are closed after use
</violation>
<violation beginline="130" endline="130" begincolumn="18" endcolumn="27" rule="CloseResource" ruleset="Error Prone" package="net.rptools.lib" class="FileUtil" method="saveResource" variable="outStream" externalInfoUrl="https://docs.pmd-code.org/pmd-doc-7.0.0-rc3/pmd_rules_java_errorprone.html#closeresource" priority="3">
Ensure that resources like this OutputStream object are closed after use
</violation>
<violation beginline="376" endline="376" begincolumn="17" endcolumn="19" rule="CloseResource" ruleset="Error Prone" package="net.rptools.lib" class="FileUtil" method="unzip" variable="is" externalInfoUrl="https://docs.pmd-code.org/pmd-doc-7.0.0-rc3/pmd_rules_java_errorprone.html#closeresource" priority="3">
Ensure that resources like this InputStream object are closed after use
</violation>
<violation beginline="377" endline="377" begincolumn="20" endcolumn="23" rule="CloseResource" ruleset="Error Prone" package="net.rptools.lib" class="FileUtil" method="unzip" variable="zis" externalInfoUrl="https://docs.pmd-code.org/pmd-doc-7.0.0-rc3/pmd_rules_java_errorprone.html#closeresource" priority="3">
Ensure that resources like this ZipInputStream object are closed after use
</violation>
<violation beginline="394" endline="394" begincolumn="18" endcolumn="21" rule="CloseResource" ruleset="Error Prone" package="net.rptools.lib" class="FileUtil" method="unzip" variable="out" externalInfoUrl="https://docs.pmd-code.org/pmd-doc-7.0.0-rc3/pmd_rules_java_errorprone.html#closeresource" priority="3">
Ensure that resources like this OutputStream object are closed after use
</violation>
<violation beginline="418" endline="418" begincolumn="17" endcolumn="19" rule="CloseResource" ruleset="Error Prone" package="net.rptools.lib" class="FileUtil" method="unzipFile" variable="is" externalInfoUrl="https://docs.pmd-code.org/pmd-doc-7.0.0-rc3/pmd_rules_java_errorprone.html#closeresource" priority="3">
Ensure that resources like this InputStream object are closed after use
</violation>
<violation beginline="419" endline="419" begincolumn="18" endcolumn="20" rule="CloseResource" ruleset="Error Prone" package="net.rptools.lib" class="FileUtil" method="unzipFile" variable="os" externalInfoUrl="https://docs.pmd-code.org/pmd-doc-7.0.0-rc3/pmd_rules_java_errorprone.html#closeresource" priority="3">
Ensure that resources like this OutputStream object are closed after use
</violation>
</file>
</pmd>
