<?xml version="1.0" encoding="UTF-8"?>
<pmd xmlns="http://pmd.sourceforge.net/report/2.0.0" xmlns:xsi="http://www.w3.org/2001/XMLSchema-instance" xsi:schemaLocation="http://pmd.sourceforge.net/report/2.0.0 http://pmd.sourceforge.net/report_2_0_0.xsd" version="7.0.0-rc3" timestamp="2023-10-22T12:56:33.546">
<file name="/mnt/disk3/lty/JLeaks/data/JavaFile/bug/eda33833682c6691275b3331fb16d15caa2ef7077fa909fad793e89236fa1dd7.java">
<violation beginline="486" endline="486" begincolumn="19" endcolumn="21" rule="CloseResource" ruleset="Error Prone" package="net.rptools.maptool.util" class="PersistenceUtil" method="loadLegacyCampaign" variable="is" externalInfoUrl="https://docs.pmd-code.org/pmd-doc-7.0.0-rc3/pmd_rules_java_errorprone.html#closeresource" priority="3">
Ensure that resources like this BufferedInputStream object are closed after use
</violation>
<violation beginline="535" endline="535" begincolumn="21" endcolumn="23" rule="CloseResource" ruleset="Error Prone" package="net.rptools.maptool.util" class="PersistenceUtil" method="getTokenThumbnail" variable="is" externalInfoUrl="https://docs.pmd-code.org/pmd-doc-7.0.0-rc3/pmd_rules_java_errorprone.html#closeresource" priority="3">
Ensure that resources like this InputStream object are closed after use
</violation>
<violation beginline="650" endline="650" begincolumn="23" endcolumn="25" rule="CloseResource" ruleset="Error Prone" package="net.rptools.maptool.util" class="PersistenceUtil" method="loadAssets" variable="is" externalInfoUrl="https://docs.pmd-code.org/pmd-doc-7.0.0-rc3/pmd_rules_java_errorprone.html#closeresource" priority="3">
Ensure that resources like this InputStream object are closed after use
</violation>
<violation beginline="686" endline="686" begincolumn="23" endcolumn="25" rule="CloseResource" ruleset="Error Prone" package="net.rptools.maptool.util" class="PersistenceUtil" method="loadAssets" variable="is" externalInfoUrl="https://docs.pmd-code.org/pmd-doc-7.0.0-rc3/pmd_rules_java_errorprone.html#closeresource" priority="3">
Ensure that resources like this InputStream object are closed after use
</violation>
</file>
</pmd>
