<?xml version="1.0" encoding="UTF-8"?>
<pmd xmlns="http://pmd.sourceforge.net/report/2.0.0" xmlns:xsi="http://www.w3.org/2001/XMLSchema-instance" xsi:schemaLocation="http://pmd.sourceforge.net/report/2.0.0 http://pmd.sourceforge.net/report_2_0_0.xsd" version="7.0.0-rc3" timestamp="2023-10-22T11:20:55.998">
<file name="/mnt/disk3/lty/JLeaks/data/JavaFile/bug/41936fc547a53604fd24bd56136652a20235eb854f9c8c7d8890a07bd03ab2df.java">
<violation beginline="178" endline="178" begincolumn="21" endcolumn="26" rule="CloseResource" ruleset="Error Prone" package="com.google.android.exoplayer2.upstream.cache" class="CachedContentIndex" method="readFile" variable="input" externalInfoUrl="https://docs.pmd-code.org/pmd-doc-7.0.0-rc3/pmd_rules_java_errorprone.html#closeresource" priority="3">
Ensure that resources like this DataInputStream object are closed after use
</violation>
<violation beginline="208" endline="208" begincolumn="22" endcolumn="34" rule="CloseResource" ruleset="Error Prone" package="com.google.android.exoplayer2.upstream.cache" class="CachedContentIndex" method="writeFile" variable="outputStream" externalInfoUrl="https://docs.pmd-code.org/pmd-doc-7.0.0-rc3/pmd_rules_java_errorprone.html#closeresource" priority="3">
Ensure that resources like this FileOutputStream object are closed after use
</violation>
<violation beginline="211" endline="211" begincolumn="24" endcolumn="30" rule="CloseResource" ruleset="Error Prone" package="com.google.android.exoplayer2.upstream.cache" class="CachedContentIndex" method="writeFile" variable="output" externalInfoUrl="https://docs.pmd-code.org/pmd-doc-7.0.0-rc3/pmd_rules_java_errorprone.html#closeresource" priority="3">
Ensure that resources like this DataOutputStream object are closed after use
</violation>
</file>
</pmd>
