<?xml version="1.0" encoding="UTF-8"?>
<pmd xmlns="http://pmd.sourceforge.net/report/2.0.0" xmlns:xsi="http://www.w3.org/2001/XMLSchema-instance" xsi:schemaLocation="http://pmd.sourceforge.net/report/2.0.0 http://pmd.sourceforge.net/report_2_0_0.xsd" version="7.0.0-rc3" timestamp="2023-10-22T12:25:09.504">
<file name="/mnt/disk3/lty/JLeaks/data/JavaFile/bug/75b957082221c294d7ef2894241c7fbe8535886e97d1e13d1e1397295f39b976.java">
<violation beginline="214" endline="214" begincolumn="38" endcolumn="41" rule="CloseResource" ruleset="Error Prone" package="org.mozilla.mozstumbler" method="run" variable="out" externalInfoUrl="https://docs.pmd-code.org/pmd-doc-7.0.0-rc3/pmd_rules_java_errorprone.html#closeresource" priority="3">
Ensure that resources like this BufferedOutputStream object are closed after use
</violation>
<violation beginline="229" endline="229" begincolumn="37" endcolumn="39" rule="CloseResource" ruleset="Error Prone" package="org.mozilla.mozstumbler" method="run" variable="in" externalInfoUrl="https://docs.pmd-code.org/pmd-doc-7.0.0-rc3/pmd_rules_java_errorprone.html#closeresource" priority="3">
Ensure that resources like this BufferedInputStream object are closed after use
</violation>
<violation beginline="230" endline="230" begincolumn="40" endcolumn="41" rule="CloseResource" ruleset="Error Prone" package="org.mozilla.mozstumbler" method="run" variable="r" externalInfoUrl="https://docs.pmd-code.org/pmd-doc-7.0.0-rc3/pmd_rules_java_errorprone.html#closeresource" priority="3">
Ensure that resources like this BufferedReader object are closed after use
</violation>
</file>
</pmd>
