<?xml version="1.0" encoding="UTF-8"?>
<pmd xmlns="http://pmd.sourceforge.net/report/2.0.0" xmlns:xsi="http://www.w3.org/2001/XMLSchema-instance" xsi:schemaLocation="http://pmd.sourceforge.net/report/2.0.0 http://pmd.sourceforge.net/report_2_0_0.xsd" version="7.0.0-rc3" timestamp="2023-10-22T11:57:26.417">
<file name="/mnt/disk3/lty/JLeaks/data/JavaFile/bug/1b7b9bbb12285b81da0115f5dbf7bdccc66c8f6196e294f938ed37b5451ce958.java">
<violation beginline="171" endline="171" begincolumn="17" endcolumn="37" rule="CloseResource" ruleset="Error Prone" package="com.martiansoftware.nailgun" class="NGSession" method="nextSocket" externalInfoUrl="https://docs.pmd-code.org/pmd-doc-7.0.0-rc3/pmd_rules_java_errorprone.html#closeresource" priority="3">
'result' is reassigned, but the original instance is not closed
</violation>
<violation beginline="186" endline="186" begincolumn="16" endcolumn="22" rule="CloseResource" ruleset="Error Prone" package="com.martiansoftware.nailgun" class="NGSession" method="run" variable="socket" externalInfoUrl="https://docs.pmd-code.org/pmd-doc-7.0.0-rc3/pmd_rules_java_errorprone.html#closeresource" priority="3">
Ensure that resources like this Socket object are closed after use
</violation>
<violation beginline="189" endline="189" begincolumn="33" endcolumn="39" rule="CloseResource" ruleset="Error Prone" package="com.martiansoftware.nailgun" class="NGSession" method="run" variable="sockin" externalInfoUrl="https://docs.pmd-code.org/pmd-doc-7.0.0-rc3/pmd_rules_java_errorprone.html#closeresource" priority="3">
Ensure that resources like this DataInputStream object are closed after use
</violation>
<violation beginline="190" endline="190" begincolumn="34" endcolumn="41" rule="CloseResource" ruleset="Error Prone" package="com.martiansoftware.nailgun" class="NGSession" method="run" variable="sockout" externalInfoUrl="https://docs.pmd-code.org/pmd-doc-7.0.0-rc3/pmd_rules_java_errorprone.html#closeresource" priority="3">
Ensure that resources like this DataOutputStream object are closed after use
</violation>
<violation beginline="245" endline="245" begincolumn="29" endcolumn="31" rule="CloseResource" ruleset="Error Prone" package="com.martiansoftware.nailgun" class="NGSession" method="run" variable="in" externalInfoUrl="https://docs.pmd-code.org/pmd-doc-7.0.0-rc3/pmd_rules_java_errorprone.html#closeresource" priority="3">
Ensure that resources like this InputStream object are closed after use
</violation>
<violation beginline="246" endline="246" begincolumn="29" endcolumn="32" rule="CloseResource" ruleset="Error Prone" package="com.martiansoftware.nailgun" class="NGSession" method="run" variable="out" externalInfoUrl="https://docs.pmd-code.org/pmd-doc-7.0.0-rc3/pmd_rules_java_errorprone.html#closeresource" priority="3">
Ensure that resources like this PrintStream object are closed after use
</violation>
<violation beginline="247" endline="247" begincolumn="29" endcolumn="32" rule="CloseResource" ruleset="Error Prone" package="com.martiansoftware.nailgun" class="NGSession" method="run" variable="err" externalInfoUrl="https://docs.pmd-code.org/pmd-doc-7.0.0-rc3/pmd_rules_java_errorprone.html#closeresource" priority="3">
Ensure that resources like this PrintStream object are closed after use
</violation>
<violation beginline="248" endline="248" begincolumn="29" endcolumn="33" rule="CloseResource" ruleset="Error Prone" package="com.martiansoftware.nailgun" class="NGSession" method="run" variable="exit" externalInfoUrl="https://docs.pmd-code.org/pmd-doc-7.0.0-rc3/pmd_rules_java_errorprone.html#closeresource" priority="3">
Ensure that resources like this PrintStream object are closed after use
</violation>
</file>
</pmd>
