<?xml version="1.0" encoding="UTF-8"?>
<pmd xmlns="http://pmd.sourceforge.net/report/2.0.0" xmlns:xsi="http://www.w3.org/2001/XMLSchema-instance" xsi:schemaLocation="http://pmd.sourceforge.net/report/2.0.0 http://pmd.sourceforge.net/report_2_0_0.xsd" version="7.0.0-rc3" timestamp="2023-10-22T11:43:19.137">
<file name="/mnt/disk3/lty/JLeaks/data/JavaFile/bug/9e1acdc27a2de299b2b3132e33cd5e3dab5ca8dd5d26baeba98650d42cafd065.java">
<violation beginline="259" endline="259" begincolumn="30" endcolumn="33" rule="CloseResource" ruleset="Error Prone" package="nsusbloader.Utilities.nxdumptool" class="NxdtUsbAbi1" method="dumpFile" variable="bos" externalInfoUrl="https://docs.pmd-code.org/pmd-doc-7.0.0-rc3/pmd_rules_java_errorprone.html#closeresource" priority="3">
Ensure that resources like this BufferedOutputStream object are closed after use
</violation>
<violation beginline="278" endline="278" begincolumn="26" endcolumn="29" rule="CloseResource" ruleset="Error Prone" package="nsusbloader.Utilities.nxdumptool" class="NxdtUsbAbi1" method="dumpFileOnWindowsTen" variable="fos" externalInfoUrl="https://docs.pmd-code.org/pmd-doc-7.0.0-rc3/pmd_rules_java_errorprone.html#closeresource" priority="3">
Ensure that resources like this FileOutputStream object are closed after use
</violation>
<violation beginline="279" endline="279" begincolumn="30" endcolumn="33" rule="CloseResource" ruleset="Error Prone" package="nsusbloader.Utilities.nxdumptool" class="NxdtUsbAbi1" method="dumpFileOnWindowsTen" variable="bos" externalInfoUrl="https://docs.pmd-code.org/pmd-doc-7.0.0-rc3/pmd_rules_java_errorprone.html#closeresource" priority="3">
Ensure that resources like this BufferedOutputStream object are closed after use
</violation>
</file>
</pmd>
