<?xml version="1.0" encoding="UTF-8"?>
<pmd xmlns="http://pmd.sourceforge.net/report/2.0.0" xmlns:xsi="http://www.w3.org/2001/XMLSchema-instance" xsi:schemaLocation="http://pmd.sourceforge.net/report/2.0.0 http://pmd.sourceforge.net/report_2_0_0.xsd" version="7.0.0-rc3" timestamp="2023-10-22T12:26:05.426">
<file name="/mnt/disk3/lty/JLeaks/data/JavaFile/bug/0901885d3080dbca3a126d0ba5f816b1dcf9632ae9e0134f97233dbe588af09b.java">
<violation beginline="57" endline="57" begincolumn="24" endcolumn="28" rule="CloseResource" ruleset="Error Prone" package="org.nutz.dao.sql" class="SqlImpl" method="execute" variable="stat" externalInfoUrl="https://docs.pmd-code.org/pmd-doc-7.0.0-rc3/pmd_rules_java_errorprone.html#closeresource" priority="3">
Ensure that resources like this PreparedStatement object are closed after use
</violation>
<violation beginline="62" endline="62" begincolumn="16" endcolumn="18" rule="CloseResource" ruleset="Error Prone" package="org.nutz.dao.sql" class="SqlImpl" method="execute" variable="rs" externalInfoUrl="https://docs.pmd-code.org/pmd-doc-7.0.0-rc3/pmd_rules_java_errorprone.html#closeresource" priority="3">
Ensure that resources like this ResultSet object are closed after use
</violation>
<violation beginline="74" endline="74" begincolumn="23" endcolumn="27" rule="CloseResource" ruleset="Error Prone" package="org.nutz.dao.sql" class="SqlImpl" method="execute" variable="stat" externalInfoUrl="https://docs.pmd-code.org/pmd-doc-7.0.0-rc3/pmd_rules_java_errorprone.html#closeresource" priority="3">
Ensure that resources like this PreparedStatement object are closed after use
</violation>
<violation beginline="84" endline="84" begincolumn="15" endcolumn="19" rule="CloseResource" ruleset="Error Prone" package="org.nutz.dao.sql" class="SqlImpl" method="execute" variable="stat" externalInfoUrl="https://docs.pmd-code.org/pmd-doc-7.0.0-rc3/pmd_rules_java_errorprone.html#closeresource" priority="3">
Ensure that resources like this Statement object are closed after use
</violation>
</file>
</pmd>
