<?xml version="1.0" encoding="UTF-8"?>
<pmd xmlns="http://pmd.sourceforge.net/report/2.0.0" xmlns:xsi="http://www.w3.org/2001/XMLSchema-instance" xsi:schemaLocation="http://pmd.sourceforge.net/report/2.0.0 http://pmd.sourceforge.net/report_2_0_0.xsd" version="7.0.0-rc3" timestamp="2023-10-22T12:45:38.608">
<file name="/mnt/disk3/lty/JLeaks/data/JavaFile/bug/c5f9d3d157c5f588a04890bbf538f45abb9247d9e51ccd0fdd66f216d9bb1850.java">
<violation beginline="826" endline="826" begincolumn="16" endcolumn="20" rule="CloseResource" ruleset="Error Prone" package="org.opensolaris.opengrok.configuration" class="RuntimeEnvironment" method="writeConfiguration" variable="sock" externalInfoUrl="https://docs.pmd-code.org/pmd-doc-7.0.0-rc3/pmd_rules_java_errorprone.html#closeresource" priority="3">
Ensure that resources like this Socket object are closed after use
</violation>
<violation beginline="827" endline="827" begincolumn="20" endcolumn="21" rule="CloseResource" ruleset="Error Prone" package="org.opensolaris.opengrok.configuration" class="RuntimeEnvironment" method="writeConfiguration" variable="e" externalInfoUrl="https://docs.pmd-code.org/pmd-doc-7.0.0-rc3/pmd_rules_java_errorprone.html#closeresource" priority="3">
Ensure that resources like this XMLEncoder object are closed after use
</violation>
<violation beginline="869" endline="869" begincolumn="32" endcolumn="36" rule="CloseResource" ruleset="Error Prone" package="org.opensolaris.opengrok.configuration" class="RuntimeEnvironment" method="startConfigurationListenerThread" variable="sock" externalInfoUrl="https://docs.pmd-code.org/pmd-doc-7.0.0-rc3/pmd_rules_java_errorprone.html#closeresource" priority="3">
Ensure that resources like this ServerSocket object are closed after use
</violation>
<violation beginline="875" endline="875" begincolumn="32" endcolumn="33" rule="CloseResource" ruleset="Error Prone" package="org.opensolaris.opengrok.configuration" method="run" variable="s" externalInfoUrl="https://docs.pmd-code.org/pmd-doc-7.0.0-rc3/pmd_rules_java_errorprone.html#closeresource" priority="3">
Ensure that resources like this Socket object are closed after use
</violation>
<violation beginline="876" endline="876" begincolumn="45" endcolumn="47" rule="CloseResource" ruleset="Error Prone" package="org.opensolaris.opengrok.configuration" method="run" variable="in" externalInfoUrl="https://docs.pmd-code.org/pmd-doc-7.0.0-rc3/pmd_rules_java_errorprone.html#closeresource" priority="3">
Ensure that resources like this BufferedInputStream object are closed after use
</violation>
</file>
</pmd>
