<?xml version="1.0" encoding="UTF-8"?>
<pmd xmlns="http://pmd.sourceforge.net/report/2.0.0" xmlns:xsi="http://www.w3.org/2001/XMLSchema-instance" xsi:schemaLocation="http://pmd.sourceforge.net/report/2.0.0 http://pmd.sourceforge.net/report_2_0_0.xsd" version="7.0.0-rc3" timestamp="2023-10-22T12:46:04.116">
<file name="/mnt/disk3/lty/JLeaks/data/JavaFile/bug/c4bc321a1f4a356778e47725b8d781f86b65eeffcb41d4e848f6bbcde2513cb8.java">
<violation beginline="116" endline="116" begincolumn="24" endcolumn="30" rule="CloseResource" ruleset="Error Prone" package="org.opensolaris.opengrok.history" class="AccuRevRepository" method="annotate" variable="reader" externalInfoUrl="https://docs.pmd-code.org/pmd-doc-7.0.0-rc3/pmd_rules_java_errorprone.html#closeresource" priority="3">
Ensure that resources like this BufferedReader object are closed after use
</violation>
<violation beginline="202" endline="202" begincolumn="24" endcolumn="28" rule="CloseResource" ruleset="Error Prone" package="org.opensolaris.opengrok.history" class="AccuRevRepository" method="getHistoryGet" variable="info" externalInfoUrl="https://docs.pmd-code.org/pmd-doc-7.0.0-rc3/pmd_rules_java_errorprone.html#closeresource" priority="3">
Ensure that resources like this BufferedReader object are closed after use
</violation>
<violation beginline="278" endline="278" begincolumn="28" endcolumn="32" rule="CloseResource" ruleset="Error Prone" package="org.opensolaris.opengrok.history" class="AccuRevRepository" method="isInAccuRevDepot" variable="info" externalInfoUrl="https://docs.pmd-code.org/pmd-doc-7.0.0-rc3/pmd_rules_java_errorprone.html#closeresource" priority="3">
Ensure that resources like this BufferedReader object are closed after use
</violation>
</file>
</pmd>
