<?xml version="1.0" encoding="UTF-8"?>
<pmd xmlns="http://pmd.sourceforge.net/report/2.0.0" xmlns:xsi="http://www.w3.org/2001/XMLSchema-instance" xsi:schemaLocation="http://pmd.sourceforge.net/report/2.0.0 http://pmd.sourceforge.net/report_2_0_0.xsd" version="7.0.0-rc3" timestamp="2023-10-22T12:46:54.689">
<file name="/mnt/disk3/lty/JLeaks/data/JavaFile/bug/57f2703efebb4c04af556dc12b7d222ab7a24bb7f0a98e24b8a51f0095fc4637.java">
<violation beginline="1181" endline="1181" begincolumn="25" endcolumn="27" rule="CloseResource" ruleset="Error Prone" package="org.apache.catalina.servlets" class="CGIEnvironment" method="expandCGIScript" variable="is" externalInfoUrl="https://docs.pmd-code.org/pmd-doc-7.0.0-rc3/pmd_rules_java_errorprone.html#closeresource" priority="3">
Ensure that resources like this InputStream object are closed after use
</violation>
<violation beginline="1240" endline="1240" begincolumn="38" endcolumn="41" rule="CloseResource" ruleset="Error Prone" package="org.apache.catalina.servlets" class="CGIEnvironment" method="expandCGIScript" variable="fos" externalInfoUrl="https://docs.pmd-code.org/pmd-doc-7.0.0-rc3/pmd_rules_java_errorprone.html#closeresource" priority="3">
Ensure that resources like this FileOutputStream object are closed after use
</violation>
<violation beginline="1680" endline="1680" begincolumn="28" endcolumn="42" rule="CloseResource" ruleset="Error Prone" package="org.apache.catalina.servlets" class="CGIRunner" method="run" variable="commandsStdErr" externalInfoUrl="https://docs.pmd-code.org/pmd-doc-7.0.0-rc3/pmd_rules_java_errorprone.html#closeresource" priority="3">
Ensure that resources like this BufferedReader object are closed after use
</violation>
<violation beginline="1682" endline="1682" begincolumn="34" endcolumn="47" rule="CloseResource" ruleset="Error Prone" package="org.apache.catalina.servlets" class="CGIRunner" method="run" variable="commandsStdIn" externalInfoUrl="https://docs.pmd-code.org/pmd-doc-7.0.0-rc3/pmd_rules_java_errorprone.html#closeresource" priority="3">
Ensure that resources like this BufferedOutputStream object are closed after use
</violation>
<violation beginline="1737" endline="1737" begincolumn="38" endcolumn="47" rule="CloseResource" ruleset="Error Prone" package="org.apache.catalina.servlets" class="CGIRunner" method="run" variable="stdErrRdr" externalInfoUrl="https://docs.pmd-code.org/pmd-doc-7.0.0-rc3/pmd_rules_java_errorprone.html#closeresource" priority="3">
Ensure that resources like this BufferedReader object are closed after use
</violation>
<violation beginline="1746" endline="1746" begincolumn="29" endcolumn="44" rule="CloseResource" ruleset="Error Prone" package="org.apache.catalina.servlets" class="CGIRunner" method="run" variable="cgiHeaderStream" externalInfoUrl="https://docs.pmd-code.org/pmd-doc-7.0.0-rc3/pmd_rules_java_errorprone.html#closeresource" priority="3">
Ensure that resources like this HTTPHeaderInputStream object are closed after use
</violation>
<violation beginline="1780" endline="1780" begincolumn="38" endcolumn="41" rule="CloseResource" ruleset="Error Prone" package="org.apache.catalina.servlets" class="CGIRunner" method="run" variable="out" externalInfoUrl="https://docs.pmd-code.org/pmd-doc-7.0.0-rc3/pmd_rules_java_errorprone.html#closeresource" priority="3">
Ensure that resources like this OutputStream object are closed after use
</violation>
</file>
</pmd>
