<?xml version="1.0" encoding="UTF-8"?>
<pmd xmlns="http://pmd.sourceforge.net/report/2.0.0" xmlns:xsi="http://www.w3.org/2001/XMLSchema-instance" xsi:schemaLocation="http://pmd.sourceforge.net/report/2.0.0 http://pmd.sourceforge.net/report_2_0_0.xsd" version="7.0.0-rc3" timestamp="2023-10-22T11:27:42.894">
<file name="/mnt/disk3/lty/JLeaks/data/JavaFile/bug/7d93e31289227d931e4f9aa158ed9feeddd56f540338c696cbacae9bf4aa357d.java">
<violation beginline="211" endline="211" begincolumn="26" endcolumn="30" rule="CloseResource" ruleset="Error Prone" package="org.apache.phoenix.mapreduce" class="AbstractBulkLoadTool" method="loadData" variable="conn" externalInfoUrl="https://docs.pmd-code.org/pmd-doc-7.0.0-rc3/pmd_rules_java_errorprone.html#closeresource" priority="3">
Ensure that resources like this Connection object are closed after use
</violation>
<violation beginline="294" endline="294" begincolumn="51" endcolumn="60" rule="CloseResource" ruleset="Error Prone" package="org.apache.phoenix.mapreduce" class="AbstractBulkLoadTool" method="submitJob" variable="hbaseConn" externalInfoUrl="https://docs.pmd-code.org/pmd-doc-7.0.0-rc3/pmd_rules_java_errorprone.html#closeresource" priority="3">
Ensure that resources like this Connection object are closed after use
</violation>
<violation beginline="357" endline="357" begincolumn="55" endcolumn="64" rule="CloseResource" ruleset="Error Prone" package="org.apache.phoenix.mapreduce" class="AbstractBulkLoadTool" method="completebulkload" variable="hbaseConn" externalInfoUrl="https://docs.pmd-code.org/pmd-doc-7.0.0-rc3/pmd_rules_java_errorprone.html#closeresource" priority="3">
Ensure that resources like this Connection object are closed after use
</violation>
<violation beginline="394" endline="394" begincolumn="19" endcolumn="21" rule="CloseResource" ruleset="Error Prone" package="org.apache.phoenix.mapreduce" class="AbstractBulkLoadTool" method="validateTable" variable="rs" externalInfoUrl="https://docs.pmd-code.org/pmd-doc-7.0.0-rc3/pmd_rules_java_errorprone.html#closeresource" priority="3">
Ensure that resources like this ResultSet object are closed after use
</violation>
</file>
</pmd>
