<?xml version="1.0" encoding="UTF-8"?>
<pmd xmlns="http://pmd.sourceforge.net/report/2.0.0" xmlns:xsi="http://www.w3.org/2001/XMLSchema-instance" xsi:schemaLocation="http://pmd.sourceforge.net/report/2.0.0 http://pmd.sourceforge.net/report_2_0_0.xsd" version="7.0.0-rc3" timestamp="2023-10-22T12:47:28.565">
<file name="/mnt/disk3/lty/JLeaks/data/JavaFile/bug/84ff081bfc9c19e32aec6466409ede3909994a6e55044177ddd4fe827776caff.java">
<violation beginline="112" endline="112" begincolumn="21" endcolumn="24" rule="CloseResource" ruleset="Error Prone" package="net.sourceforge.plantuml" class="FileUtils" method="copyToFile" variable="fis" externalInfoUrl="https://docs.pmd-code.org/pmd-doc-7.0.0-rc3/pmd_rules_java_errorprone.html#closeresource" priority="3">
Ensure that resources like this InputStream object are closed after use
</violation>
<violation beginline="116" endline="116" begincolumn="22" endcolumn="25" rule="CloseResource" ruleset="Error Prone" package="net.sourceforge.plantuml" class="FileUtils" method="copyToFile" variable="fos" externalInfoUrl="https://docs.pmd-code.org/pmd-doc-7.0.0-rc3/pmd_rules_java_errorprone.html#closeresource" priority="3">
Ensure that resources like this OutputStream object are closed after use
</violation>
<violation beginline="121" endline="121" begincolumn="21" endcolumn="24" rule="CloseResource" ruleset="Error Prone" package="net.sourceforge.plantuml" class="FileUtils" method="copyToStream" variable="fis" externalInfoUrl="https://docs.pmd-code.org/pmd-doc-7.0.0-rc3/pmd_rules_java_errorprone.html#closeresource" priority="3">
Ensure that resources like this InputStream object are closed after use
</violation>
<violation beginline="130" endline="130" begincolumn="21" endcolumn="24" rule="CloseResource" ruleset="Error Prone" package="net.sourceforge.plantuml" class="FileUtils" method="copyToStream" variable="fis" externalInfoUrl="https://docs.pmd-code.org/pmd-doc-7.0.0-rc3/pmd_rules_java_errorprone.html#closeresource" priority="3">
Ensure that resources like this BufferedInputStream object are closed after use
</violation>
<violation beginline="142" endline="142" begincolumn="22" endcolumn="25" rule="CloseResource" ruleset="Error Prone" package="net.sourceforge.plantuml" class="FileUtils" method="copyToFile" variable="fos" externalInfoUrl="https://docs.pmd-code.org/pmd-doc-7.0.0-rc3/pmd_rules_java_errorprone.html#closeresource" priority="3">
Ensure that resources like this OutputStream object are closed after use
</violation>
</file>
</pmd>
