<?xml version="1.0" encoding="UTF-8"?>
<pmd xmlns="http://pmd.sourceforge.net/report/2.0.0" xmlns:xsi="http://www.w3.org/2001/XMLSchema-instance" xsi:schemaLocation="http://pmd.sourceforge.net/report/2.0.0 http://pmd.sourceforge.net/report_2_0_0.xsd" version="7.0.0-rc3" timestamp="2023-10-22T12:47:37.569">
<file name="/mnt/disk3/lty/JLeaks/data/JavaFile/bug/33d118572e51b4800bdd0e9f89f10edbf6b9779f4581ee1e7bead35d0effe8d9.java">
<violation beginline="88" endline="88" begincolumn="25" endcolumn="27" rule="CloseResource" ruleset="Error Prone" package="play.libs" class="IO" method="readContentAsString" variable="is" externalInfoUrl="https://docs.pmd-code.org/pmd-doc-7.0.0-rc3/pmd_rules_java_errorprone.html#closeresource" priority="3">
Ensure that resources like this FileInputStream object are closed after use
</violation>
<violation beginline="91" endline="91" begincolumn="28" endcolumn="34" rule="CloseResource" ruleset="Error Prone" package="play.libs" class="IO" method="readContentAsString" variable="reader" externalInfoUrl="https://docs.pmd-code.org/pmd-doc-7.0.0-rc3/pmd_rules_java_errorprone.html#closeresource" priority="3">
Ensure that resources like this BufferedReader object are closed after use
</violation>
<violation beginline="118" endline="118" begincolumn="25" endcolumn="27" rule="CloseResource" ruleset="Error Prone" package="play.libs" class="IO" method="readLines" variable="is" externalInfoUrl="https://docs.pmd-code.org/pmd-doc-7.0.0-rc3/pmd_rules_java_errorprone.html#closeresource" priority="3">
Ensure that resources like this FileInputStream object are closed after use
</violation>
<violation beginline="138" endline="138" begincolumn="25" endcolumn="27" rule="CloseResource" ruleset="Error Prone" package="play.libs" class="IO" method="readContent" variable="is" externalInfoUrl="https://docs.pmd-code.org/pmd-doc-7.0.0-rc3/pmd_rules_java_errorprone.html#closeresource" priority="3">
Ensure that resources like this FileInputStream object are closed after use
</violation>
<violation beginline="209" endline="209" begincolumn="26" endcolumn="28" rule="CloseResource" ruleset="Error Prone" package="play.libs" class="IO" method="writeContent" variable="os" externalInfoUrl="https://docs.pmd-code.org/pmd-doc-7.0.0-rc3/pmd_rules_java_errorprone.html#closeresource" priority="3">
Ensure that resources like this FileOutputStream object are closed after use
</violation>
<violation beginline="210" endline="210" begincolumn="25" endcolumn="36" rule="CloseResource" ruleset="Error Prone" package="play.libs" class="IO" method="writeContent" variable="printWriter" externalInfoUrl="https://docs.pmd-code.org/pmd-doc-7.0.0-rc3/pmd_rules_java_errorprone.html#closeresource" priority="3">
Ensure that resources like this PrintWriter object are closed after use
</violation>
<violation beginline="227" endline="227" begincolumn="26" endcolumn="28" rule="CloseResource" ruleset="Error Prone" package="play.libs" class="IO" method="write" variable="os" externalInfoUrl="https://docs.pmd-code.org/pmd-doc-7.0.0-rc3/pmd_rules_java_errorprone.html#closeresource" priority="3">
Ensure that resources like this FileOutputStream object are closed after use
</violation>
<violation beginline="274" endline="274" begincolumn="26" endcolumn="28" rule="CloseResource" ruleset="Error Prone" package="play.libs" class="IO" method="write" variable="os" externalInfoUrl="https://docs.pmd-code.org/pmd-doc-7.0.0-rc3/pmd_rules_java_errorprone.html#closeresource" priority="3">
Ensure that resources like this FileOutputStream object are closed after use
</violation>
</file>
</pmd>
