<?xml version="1.0" encoding="UTF-8"?>
<pmd xmlns="http://pmd.sourceforge.net/report/2.0.0" xmlns:xsi="http://www.w3.org/2001/XMLSchema-instance" xsi:schemaLocation="http://pmd.sourceforge.net/report/2.0.0 http://pmd.sourceforge.net/report_2_0_0.xsd" version="7.0.0-rc3" timestamp="2023-10-22T12:47:57.118">
<file name="/mnt/disk3/lty/JLeaks/data/JavaFile/bug/d7394f7c6c4f33d1084650f156930fda47e2cea708409109c8eac20344aff9e4.java">
<violation beginline="4019" endline="4019" begincolumn="17" endcolumn="23" rule="CloseResource" ruleset="Error Prone" package="processing.core" class="PApplet" method="loadImage" variable="stream" externalInfoUrl="https://docs.pmd-code.org/pmd-doc-7.0.0-rc3/pmd_rules_java_errorprone.html#closeresource" priority="3">
Ensure that resources like this InputStream object are closed after use
</violation>
<violation beginline="5082" endline="5082" begincolumn="9" endcolumn="47" rule="CloseResource" ruleset="Error Prone" package="processing.core" class="PApplet" method="createInputRaw" externalInfoUrl="https://docs.pmd-code.org/pmd-doc-7.0.0-rc3/pmd_rules_java_errorprone.html#closeresource" priority="3">
'stream' is reassigned, but the original instance is not closed
</violation>
<violation beginline="5368" endline="5368" begincolumn="24" endcolumn="36" rule="CloseResource" ruleset="Error Prone" package="processing.core" class="PApplet" method="saveStream" variable="targetStream" externalInfoUrl="https://docs.pmd-code.org/pmd-doc-7.0.0-rc3/pmd_rules_java_errorprone.html#closeresource" priority="3">
Ensure that resources like this FileOutputStream object are closed after use
</violation>
<violation beginline="5460" endline="5460" begincolumn="20" endcolumn="26" rule="CloseResource" ruleset="Error Prone" package="processing.core" class="PApplet" method="saveBytes" variable="output" externalInfoUrl="https://docs.pmd-code.org/pmd-doc-7.0.0-rc3/pmd_rules_java_errorprone.html#closeresource" priority="3">
Ensure that resources like this OutputStream object are closed after use
</violation>
<violation beginline="5510" endline="5510" begincolumn="20" endcolumn="26" rule="CloseResource" ruleset="Error Prone" package="processing.core" class="PApplet" method="saveStrings" variable="output" externalInfoUrl="https://docs.pmd-code.org/pmd-doc-7.0.0-rc3/pmd_rules_java_errorprone.html#closeresource" priority="3">
Ensure that resources like this FileOutputStream object are closed after use
</violation>
<violation beginline="5526" endline="5526" begincolumn="19" endcolumn="25" rule="CloseResource" ruleset="Error Prone" package="processing.core" class="PApplet" method="saveStrings" variable="writer" externalInfoUrl="https://docs.pmd-code.org/pmd-doc-7.0.0-rc3/pmd_rules_java_errorprone.html#closeresource" priority="3">
Ensure that resources like this PrintWriter object are closed after use
</violation>
</file>
</pmd>
