<?xml version="1.0" encoding="UTF-8"?>
<pmd xmlns="http://pmd.sourceforge.net/report/2.0.0" xmlns:xsi="http://www.w3.org/2001/XMLSchema-instance" xsi:schemaLocation="http://pmd.sourceforge.net/report/2.0.0 http://pmd.sourceforge.net/report_2_0_0.xsd" version="7.0.0-rc3" timestamp="2023-10-22T11:38:43.099">
<file name="/mnt/disk3/lty/JLeaks/data/JavaFile/bug/534ac0e286d0941929d6d42196e844949d1b950ea0bc1a262a340503cc463e1a.java">
<violation beginline="32" endline="32" begincolumn="11" endcolumn="18" rule="CloseResource" ruleset="Error Prone" package="me.coley.recaf.workspace" class="JarResource" method="loadClasses" variable="zipFile" externalInfoUrl="https://docs.pmd-code.org/pmd-doc-7.0.0-rc3/pmd_rules_java_errorprone.html#closeresource" priority="3">
Ensure that resources like this ZipFile object are closed after use
</violation>
<violation beginline="39" endline="39" begincolumn="16" endcolumn="22" rule="CloseResource" ruleset="Error Prone" package="me.coley.recaf.workspace" class="JarResource" method="loadClasses" variable="stream" externalInfoUrl="https://docs.pmd-code.org/pmd-doc-7.0.0-rc3/pmd_rules_java_errorprone.html#closeresource" priority="3">
Ensure that resources like this InputStream object are closed after use
</violation>
<violation beginline="57" endline="57" begincolumn="11" endcolumn="18" rule="CloseResource" ruleset="Error Prone" package="me.coley.recaf.workspace" class="JarResource" method="loadResources" variable="zipFile" externalInfoUrl="https://docs.pmd-code.org/pmd-doc-7.0.0-rc3/pmd_rules_java_errorprone.html#closeresource" priority="3">
Ensure that resources like this ZipFile object are closed after use
</violation>
<violation beginline="64" endline="64" begincolumn="16" endcolumn="22" rule="CloseResource" ruleset="Error Prone" package="me.coley.recaf.workspace" class="JarResource" method="loadResources" variable="stream" externalInfoUrl="https://docs.pmd-code.org/pmd-doc-7.0.0-rc3/pmd_rules_java_errorprone.html#closeresource" priority="3">
Ensure that resources like this InputStream object are closed after use
</violation>
</file>
</pmd>
