<?xml version="1.0" encoding="UTF-8"?>
<pmd xmlns="http://pmd.sourceforge.net/report/2.0.0" xmlns:xsi="http://www.w3.org/2001/XMLSchema-instance" xsi:schemaLocation="http://pmd.sourceforge.net/report/2.0.0 http://pmd.sourceforge.net/report_2_0_0.xsd" version="7.0.0-rc3" timestamp="2023-10-22T12:59:15.277">
<file name="/mnt/disk3/lty/JLeaks/data/JavaFile/bug/5401126a94f4a4d2bfea0d560968790e5232fa576b907de3ff38f3d5d39cc932.java">
<violation beginline="47" endline="47" begincolumn="22" endcolumn="25" rule="CloseResource" ruleset="Error Prone" package="org.openqa.selenium.io" class="Zip" method="zip" variable="fos" externalInfoUrl="https://docs.pmd-code.org/pmd-doc-7.0.0-rc3/pmd_rules_java_errorprone.html#closeresource" priority="3">
Ensure that resources like this FileOutputStream object are closed after use
</violation>
<violation beginline="84" endline="84" begincolumn="21" endcolumn="24" rule="CloseResource" ruleset="Error Prone" package="org.openqa.selenium.io" class="Zip" method="zip" variable="zos" externalInfoUrl="https://docs.pmd-code.org/pmd-doc-7.0.0-rc3/pmd_rules_java_errorprone.html#closeresource" priority="3">
Ensure that resources like this ZipOutputStream object are closed after use
</violation>
<violation beginline="102" endline="102" begincolumn="23" endcolumn="26" rule="CloseResource" ruleset="Error Prone" package="org.openqa.selenium.io" class="Zip" method="addToZip" variable="fis" externalInfoUrl="https://docs.pmd-code.org/pmd-doc-7.0.0-rc3/pmd_rules_java_errorprone.html#closeresource" priority="3">
Ensure that resources like this FileInputStream object are closed after use
</violation>
<violation beginline="132" endline="132" begincolumn="21" endcolumn="24" rule="CloseResource" ruleset="Error Prone" package="org.openqa.selenium.io" class="Zip" method="unzip" variable="fis" externalInfoUrl="https://docs.pmd-code.org/pmd-doc-7.0.0-rc3/pmd_rules_java_errorprone.html#closeresource" priority="3">
Ensure that resources like this FileInputStream object are closed after use
</violation>
</file>
</pmd>
