<?xml version="1.0" encoding="UTF-8"?>
<pmd xmlns="http://pmd.sourceforge.net/report/2.0.0" xmlns:xsi="http://www.w3.org/2001/XMLSchema-instance" xsi:schemaLocation="http://pmd.sourceforge.net/report/2.0.0 http://pmd.sourceforge.net/report_2_0_0.xsd" version="7.0.0-rc3" timestamp="2023-10-22T12:59:34.628">
<file name="/mnt/disk3/lty/JLeaks/data/JavaFile/bug/2ea4f63e3de9fdb701028caf57693c91ac433ce38c47b0aecda3413e2d9cbeef.java">
<violation beginline="87" endline="87" begincolumn="30" endcolumn="33" rule="CloseResource" ruleset="Error Prone" package="mod.hey.studios.project.backup" class="BackupFactory" method="getProject" variable="raf" externalInfoUrl="https://docs.pmd-code.org/pmd-doc-7.0.0-rc3/pmd_rules_java_errorprone.html#closeresource" priority="3">
Ensure that resources like this RandomAccessFile object are closed after use
</violation>
<violation beginline="107" endline="107" begincolumn="30" endcolumn="33" rule="CloseResource" ruleset="Error Prone" package="mod.hey.studios.project.backup" class="BackupFactory" method="writeEncrypted" variable="raf" externalInfoUrl="https://docs.pmd-code.org/pmd-doc-7.0.0-rc3/pmd_rules_java_errorprone.html#closeresource" priority="3">
Ensure that resources like this RandomAccessFile object are closed after use
</violation>
<violation beginline="235" endline="235" begincolumn="25" endcolumn="27" rule="CloseResource" ruleset="Error Prone" package="mod.hey.studios.project.backup" class="BackupFactory" method="copy" variable="in" externalInfoUrl="https://docs.pmd-code.org/pmd-doc-7.0.0-rc3/pmd_rules_java_errorprone.html#closeresource" priority="3">
Ensure that resources like this InputStream object are closed after use
</violation>
<violation beginline="236" endline="236" begincolumn="26" endcolumn="29" rule="CloseResource" ruleset="Error Prone" package="mod.hey.studios.project.backup" class="BackupFactory" method="copy" variable="out" externalInfoUrl="https://docs.pmd-code.org/pmd-doc-7.0.0-rc3/pmd_rules_java_errorprone.html#closeresource" priority="3">
Ensure that resources like this OutputStream object are closed after use
</violation>
<violation beginline="267" endline="267" begincolumn="28" endcolumn="30" rule="CloseResource" ruleset="Error Prone" package="mod.hey.studios.project.backup" class="BackupFactory" method="zipContainsFile" variable="zp" externalInfoUrl="https://docs.pmd-code.org/pmd-doc-7.0.0-rc3/pmd_rules_java_errorprone.html#closeresource" priority="3">
Ensure that resources like this ZipInputStream object are closed after use
</violation>
</file>
</pmd>
