<?xml version="1.0" encoding="UTF-8"?>
<pmd xmlns="http://pmd.sourceforge.net/report/2.0.0" xmlns:xsi="http://www.w3.org/2001/XMLSchema-instance" xsi:schemaLocation="http://pmd.sourceforge.net/report/2.0.0 http://pmd.sourceforge.net/report_2_0_0.xsd" version="7.0.0-rc3" timestamp="2023-10-22T12:59:50.459">
<file name="/mnt/disk3/lty/JLeaks/data/JavaFile/bug/d9283187bc24081022c9fe5579f11aad131a974a9371fa3593f23a7cff7c6651.java">
<violation beginline="70" endline="70" begincolumn="19" endcolumn="22" rule="CloseResource" ruleset="Error Prone" package="free.rm.skytube.gui.businessobjects.preferences" class="ZipFile" method="unzip" variable="fin" externalInfoUrl="https://docs.pmd-code.org/pmd-doc-7.0.0-rc3/pmd_rules_java_errorprone.html#closeresource" priority="3">
Ensure that resources like this FileInputStream object are closed after use
</violation>
<violation beginline="71" endline="71" begincolumn="19" endcolumn="33" rule="CloseResource" ruleset="Error Prone" package="free.rm.skytube.gui.businessobjects.preferences" class="ZipFile" method="unzip" variable="zipInputStream" externalInfoUrl="https://docs.pmd-code.org/pmd-doc-7.0.0-rc3/pmd_rules_java_errorprone.html#closeresource" priority="3">
Ensure that resources like this ZipInputStream object are closed after use
</violation>
<violation beginline="90" endline="90" begincolumn="23" endcolumn="27" rule="CloseResource" ruleset="Error Prone" package="free.rm.skytube.gui.businessobjects.preferences" class="ZipFile" method="unzip" variable="fout" externalInfoUrl="https://docs.pmd-code.org/pmd-doc-7.0.0-rc3/pmd_rules_java_errorprone.html#closeresource" priority="3">
Ensure that resources like this FileOutputStream object are closed after use
</violation>
</file>
</pmd>
