<?xml version="1.0" encoding="UTF-8"?>
<pmd xmlns="http://pmd.sourceforge.net/report/2.0.0" xmlns:xsi="http://www.w3.org/2001/XMLSchema-instance" xsi:schemaLocation="http://pmd.sourceforge.net/report/2.0.0 http://pmd.sourceforge.net/report_2_0_0.xsd" version="7.0.0-rc3" timestamp="2023-10-22T12:01:22.379">
<file name="/mnt/disk3/lty/JLeaks/data/JavaFile/bug/53d56404b2ed2bff38eaa16c558e985170f5eb2d1061cf83e77ba5c704eaaace.java">
<violation beginline="75" endline="75" begincolumn="19" endcolumn="27" rule="CloseResource" ruleset="Error Prone" package="spoon.support.compiler" class="ZipFolder" method="getFiles" variable="zipInput" externalInfoUrl="https://docs.pmd-code.org/pmd-doc-7.0.0-rc3/pmd_rules_java_errorprone.html#closeresource" priority="3">
Ensure that resources like this ZipInputStream object are closed after use
</violation>
<violation beginline="178" endline="178" begincolumn="18" endcolumn="26" rule="CloseResource" ruleset="Error Prone" package="spoon.support.compiler" class="ZipFolder" method="extract" variable="zipInput" externalInfoUrl="https://docs.pmd-code.org/pmd-doc-7.0.0-rc3/pmd_rules_java_errorprone.html#closeresource" priority="3">
Ensure that resources like this ZipInputStream object are closed after use
</violation>
<violation beginline="195" endline="195" begincolumn="18" endcolumn="24" rule="CloseResource" ruleset="Error Prone" package="spoon.support.compiler" class="ZipFolder" method="extract" variable="output" externalInfoUrl="https://docs.pmd-code.org/pmd-doc-7.0.0-rc3/pmd_rules_java_errorprone.html#closeresource" priority="3">
Ensure that resources like this BufferedOutputStream object are closed after use
</violation>
</file>
</pmd>
