<?xml version="1.0" encoding="UTF-8"?>
<pmd xmlns="http://pmd.sourceforge.net/report/2.0.0" xmlns:xsi="http://www.w3.org/2001/XMLSchema-instance" xsi:schemaLocation="http://pmd.sourceforge.net/report/2.0.0 http://pmd.sourceforge.net/report_2_0_0.xsd" version="7.0.0-rc3" timestamp="2023-10-22T11:18:38.324">
<file name="/mnt/disk3/lty/JLeaks/data/JavaFile/bug/4c12a0694ebb63cdd72de4da2a3ac3b52a5ff47bb9b54b50030a98104f5f1af1.java">
<violation beginline="423" endline="423" begincolumn="19" endcolumn="21" rule="CloseResource" ruleset="Error Prone" package="org.sql2o" class="Query" method="executeAndFetchTable" variable="rs" externalInfoUrl="https://docs.pmd-code.org/pmd-doc-7.0.0-rc3/pmd_rules_java_errorprone.html#closeresource" priority="3">
Ensure that resources like this ResultSet object are closed after use
</violation>
<violation beginline="474" endline="474" begincolumn="23" endcolumn="25" rule="CloseResource" ruleset="Error Prone" package="org.sql2o" class="Query" method="executeScalar" variable="rs" externalInfoUrl="https://docs.pmd-code.org/pmd-doc-7.0.0-rc3/pmd_rules_java_errorprone.html#closeresource" priority="3">
Ensure that resources like this ResultSet object are closed after use
</violation>
<violation beginline="515" endline="515" begincolumn="23" endcolumn="25" rule="CloseResource" ruleset="Error Prone" package="org.sql2o" class="Query" method="executeScalarList" variable="rs" externalInfoUrl="https://docs.pmd-code.org/pmd-doc-7.0.0-rc3/pmd_rules_java_errorprone.html#closeresource" priority="3">
Ensure that resources like this ResultSet object are closed after use
</violation>
</file>
</pmd>
