<?xml version="1.0" encoding="UTF-8"?>
<pmd xmlns="http://pmd.sourceforge.net/report/2.0.0" xmlns:xsi="http://www.w3.org/2001/XMLSchema-instance" xsi:schemaLocation="http://pmd.sourceforge.net/report/2.0.0 http://pmd.sourceforge.net/report_2_0_0.xsd" version="7.0.0-rc3" timestamp="2023-10-22T14:16:53.472">
<file name="/mnt/disk3/lty/JLeaks/data/JavaFile/bug/e6235eff3a88973a194373d262be0a886bad34527bd48fe81dde9a208b05eb16.java">
<violation beginline="74" endline="74" begincolumn="25" endcolumn="28" rule="CloseResource" ruleset="Error Prone" package="org.carlspring.strongbox.artifact.generator" class="ArtifactGenerator" method="createArchive" variable="zos" externalInfoUrl="https://docs.pmd-code.org/pmd-doc-7.0.0-rc3/pmd_rules_java_errorprone.html#closeresource" priority="3">
Ensure that resources like this ZipOutputStream object are closed after use
</violation>
<violation beginline="110" endline="110" begincolumn="25" endcolumn="28" rule="CloseResource" ruleset="Error Prone" package="org.carlspring.strongbox.artifact.generator" class="ArtifactGenerator" method="addMavenPomFile" variable="fis" externalInfoUrl="https://docs.pmd-code.org/pmd-doc-7.0.0-rc3/pmd_rules_java_errorprone.html#closeresource" priority="3">
Ensure that resources like this FileInputStream object are closed after use
</violation>
<violation beginline="201" endline="201" begincolumn="21" endcolumn="23" rule="CloseResource" ruleset="Error Prone" package="org.carlspring.strongbox.artifact.generator" class="ArtifactGenerator" method="generateChecksumsForArtifact" variable="is" externalInfoUrl="https://docs.pmd-code.org/pmd-doc-7.0.0-rc3/pmd_rules_java_errorprone.html#closeresource" priority="3">
Ensure that resources like this FileInputStream object are closed after use
</violation>
<violation beginline="225" endline="225" begincolumn="26" endcolumn="29" rule="CloseResource" ruleset="Error Prone" package="org.carlspring.strongbox.artifact.generator" class="ArtifactGenerator" method="writeDigestAsHexadecimalString" variable="fos" externalInfoUrl="https://docs.pmd-code.org/pmd-doc-7.0.0-rc3/pmd_rules_java_errorprone.html#closeresource" priority="3">
Ensure that resources like this FileOutputStream object are closed after use
</violation>
</file>
</pmd>
