<?xml version="1.0" encoding="UTF-8"?>
<pmd xmlns="http://pmd.sourceforge.net/report/2.0.0" xmlns:xsi="http://www.w3.org/2001/XMLSchema-instance" xsi:schemaLocation="http://pmd.sourceforge.net/report/2.0.0 http://pmd.sourceforge.net/report_2_0_0.xsd" version="7.0.0-rc3" timestamp="2023-10-22T14:17:04.170">
<file name="/mnt/disk3/lty/JLeaks/data/JavaFile/bug/a1ee1ba7fa130b06921a34637d8f65ba752ca6e7a7db7be691e5fb42d5768705.java">
<violation beginline="66" endline="66" begincolumn="28" endcolumn="30" rule="CloseResource" ruleset="Error Prone" package="teammates.client.scripts" class="OfflineBackup" method="getModifiedLogs" variable="in" externalInfoUrl="https://docs.pmd-code.org/pmd-doc-7.0.0-rc3/pmd_rules_java_errorprone.html#closeresource" priority="3">
Ensure that resources like this BufferedReader object are closed after use
</violation>
<violation beginline="405" endline="405" begincolumn="24" endcolumn="26" rule="CloseResource" ruleset="Error Prone" package="teammates.client.scripts" class="OfflineBackup" method="appendToFile" variable="fw" externalInfoUrl="https://docs.pmd-code.org/pmd-doc-7.0.0-rc3/pmd_rules_java_errorprone.html#closeresource" priority="3">
Ensure that resources like this FileWriter object are closed after use
</violation>
<violation beginline="406" endline="406" begincolumn="28" endcolumn="30" rule="CloseResource" ruleset="Error Prone" package="teammates.client.scripts" class="OfflineBackup" method="appendToFile" variable="bw" externalInfoUrl="https://docs.pmd-code.org/pmd-doc-7.0.0-rc3/pmd_rules_java_errorprone.html#closeresource" priority="3">
Ensure that resources like this BufferedWriter object are closed after use
</violation>
</file>
</pmd>
