<?xml version="1.0" encoding="UTF-8"?>
<pmd xmlns="http://pmd.sourceforge.net/report/2.0.0" xmlns:xsi="http://www.w3.org/2001/XMLSchema-instance" xsi:schemaLocation="http://pmd.sourceforge.net/report/2.0.0 http://pmd.sourceforge.net/report_2_0_0.xsd" version="7.0.0-rc3" timestamp="2023-10-22T14:18:29.469">
<file name="/mnt/disk3/lty/JLeaks/data/JavaFile/bug/5ba04307249efde8cd0556ea1cfe654be975f76a337c4a4f2b970933ac66488c.java">
<violation beginline="320" endline="320" begincolumn="29" endcolumn="31" rule="CloseResource" ruleset="Error Prone" package="tools.map.making" class="MapPropertiesMaker" method="loadProperties" variable="in" externalInfoUrl="https://docs.pmd-code.org/pmd-doc-7.0.0-rc3/pmd_rules_java_errorprone.html#closeresource" priority="3">
Ensure that resources like this FileInputStream object are closed after use
</violation>
<violation beginline="344" endline="344" begincolumn="30" endcolumn="34" rule="CloseResource" ruleset="Error Prone" package="tools.map.making" class="MapPropertiesMaker" method="saveProperties" variable="sink" externalInfoUrl="https://docs.pmd-code.org/pmd-doc-7.0.0-rc3/pmd_rules_java_errorprone.html#closeresource" priority="3">
Ensure that resources like this FileOutputStream object are closed after use
</violation>
<violation beginline="346" endline="346" begincolumn="32" endcolumn="35" rule="CloseResource" ruleset="Error Prone" package="tools.map.making" class="MapPropertiesMaker" method="saveProperties" variable="out" externalInfoUrl="https://docs.pmd-code.org/pmd-doc-7.0.0-rc3/pmd_rules_java_errorprone.html#closeresource" priority="3">
Ensure that resources like this OutputStreamWriter object are closed after use
</violation>
</file>
</pmd>
