<?xml version="1.0" encoding="UTF-8"?>
<pmd xmlns="http://pmd.sourceforge.net/report/2.0.0" xmlns:xsi="http://www.w3.org/2001/XMLSchema-instance" xsi:schemaLocation="http://pmd.sourceforge.net/report/2.0.0 http://pmd.sourceforge.net/report_2_0_0.xsd" version="7.0.0-rc3" timestamp="2023-10-22T14:18:07.692">
<file name="/mnt/disk3/lty/JLeaks/data/JavaFile/bug/9b19e66b05483946b972346bf30231fc38791b2ef55988f34b11f7cd459baa29.java">
<violation beginline="42" endline="42" begincolumn="22" endcolumn="25" rule="CloseResource" ruleset="Error Prone" package="games.strategy.engine.lobby.server.db" class="BannedUsernameController" method="addBannedUsername" variable="con" externalInfoUrl="https://docs.pmd-code.org/pmd-doc-7.0.0-rc3/pmd_rules_java_errorprone.html#closeresource" priority="3">
Ensure that resources like this Connection object are closed after use
</violation>
<violation beginline="44" endline="44" begincolumn="31" endcolumn="33" rule="CloseResource" ruleset="Error Prone" package="games.strategy.engine.lobby.server.db" class="BannedUsernameController" method="addBannedUsername" variable="ps" externalInfoUrl="https://docs.pmd-code.org/pmd-doc-7.0.0-rc3/pmd_rules_java_errorprone.html#closeresource" priority="3">
Ensure that resources like this PreparedStatement object are closed after use
</violation>
<violation beginline="66" endline="66" begincolumn="22" endcolumn="25" rule="CloseResource" ruleset="Error Prone" package="games.strategy.engine.lobby.server.db" class="BannedUsernameController" method="removeBannedUsername" variable="con" externalInfoUrl="https://docs.pmd-code.org/pmd-doc-7.0.0-rc3/pmd_rules_java_errorprone.html#closeresource" priority="3">
Ensure that resources like this Connection object are closed after use
</violation>
<violation beginline="68" endline="68" begincolumn="31" endcolumn="33" rule="CloseResource" ruleset="Error Prone" package="games.strategy.engine.lobby.server.db" class="BannedUsernameController" method="removeBannedUsername" variable="ps" externalInfoUrl="https://docs.pmd-code.org/pmd-doc-7.0.0-rc3/pmd_rules_java_errorprone.html#closeresource" priority="3">
Ensure that resources like this PreparedStatement object are closed after use
</violation>
<violation beginline="89" endline="89" begincolumn="22" endcolumn="25" rule="CloseResource" ruleset="Error Prone" package="games.strategy.engine.lobby.server.db" class="BannedUsernameController" method="isUsernameBanned" variable="con" externalInfoUrl="https://docs.pmd-code.org/pmd-doc-7.0.0-rc3/pmd_rules_java_errorprone.html#closeresource" priority="3">
Ensure that resources like this Connection object are closed after use
</violation>
<violation beginline="91" endline="91" begincolumn="31" endcolumn="33" rule="CloseResource" ruleset="Error Prone" package="games.strategy.engine.lobby.server.db" class="BannedUsernameController" method="isUsernameBanned" variable="ps" externalInfoUrl="https://docs.pmd-code.org/pmd-doc-7.0.0-rc3/pmd_rules_java_errorprone.html#closeresource" priority="3">
Ensure that resources like this PreparedStatement object are closed after use
</violation>
<violation beginline="93" endline="93" begincolumn="23" endcolumn="25" rule="CloseResource" ruleset="Error Prone" package="games.strategy.engine.lobby.server.db" class="BannedUsernameController" method="isUsernameBanned" variable="rs" externalInfoUrl="https://docs.pmd-code.org/pmd-doc-7.0.0-rc3/pmd_rules_java_errorprone.html#closeresource" priority="3">
Ensure that resources like this ResultSet object are closed after use
</violation>
</file>
</pmd>
