<?xml version="1.0" encoding="UTF-8"?>
<pmd xmlns="http://pmd.sourceforge.net/report/2.0.0" xmlns:xsi="http://www.w3.org/2001/XMLSchema-instance" xsi:schemaLocation="http://pmd.sourceforge.net/report/2.0.0 http://pmd.sourceforge.net/report_2_0_0.xsd" version="7.0.0-rc3" timestamp="2023-10-22T14:18:09.184">
<file name="/mnt/disk3/lty/JLeaks/data/JavaFile/bug/5b9c80c8486895e0502658eacebd7ef6c6909ba64375a1554f454add0355cdbe.java">
<violation beginline="117" endline="117" begincolumn="25" endcolumn="27" rule="CloseResource" ruleset="Error Prone" package="games.strategy.engine.lobby.server.db" class="Database" method="ensureDbTablesAreCreated" variable="rs" externalInfoUrl="https://docs.pmd-code.org/pmd-doc-7.0.0-rc3/pmd_rules_java_errorprone.html#closeresource" priority="3">
Ensure that resources like this ResultSet object are closed after use
</violation>
<violation beginline="124" endline="124" begincolumn="27" endcolumn="28" rule="CloseResource" ruleset="Error Prone" package="games.strategy.engine.lobby.server.db" class="Database" method="ensureDbTablesAreCreated" variable="s" externalInfoUrl="https://docs.pmd-code.org/pmd-doc-7.0.0-rc3/pmd_rules_java_errorprone.html#closeresource" priority="3">
Ensure that resources like this Statement object are closed after use
</violation>
<violation beginline="131" endline="131" begincolumn="27" endcolumn="28" rule="CloseResource" ruleset="Error Prone" package="games.strategy.engine.lobby.server.db" class="Database" method="ensureDbTablesAreCreated" variable="s" externalInfoUrl="https://docs.pmd-code.org/pmd-doc-7.0.0-rc3/pmd_rules_java_errorprone.html#closeresource" priority="3">
Ensure that resources like this Statement object are closed after use
</violation>
<violation beginline="137" endline="137" begincolumn="27" endcolumn="28" rule="CloseResource" ruleset="Error Prone" package="games.strategy.engine.lobby.server.db" class="Database" method="ensureDbTablesAreCreated" variable="s" externalInfoUrl="https://docs.pmd-code.org/pmd-doc-7.0.0-rc3/pmd_rules_java_errorprone.html#closeresource" priority="3">
Ensure that resources like this Statement object are closed after use
</violation>
<violation beginline="143" endline="143" begincolumn="27" endcolumn="28" rule="CloseResource" ruleset="Error Prone" package="games.strategy.engine.lobby.server.db" class="Database" method="ensureDbTablesAreCreated" variable="s" externalInfoUrl="https://docs.pmd-code.org/pmd-doc-7.0.0-rc3/pmd_rules_java_errorprone.html#closeresource" priority="3">
Ensure that resources like this Statement object are closed after use
</violation>
<violation beginline="149" endline="149" begincolumn="27" endcolumn="28" rule="CloseResource" ruleset="Error Prone" package="games.strategy.engine.lobby.server.db" class="Database" method="ensureDbTablesAreCreated" variable="s" externalInfoUrl="https://docs.pmd-code.org/pmd-doc-7.0.0-rc3/pmd_rules_java_errorprone.html#closeresource" priority="3">
Ensure that resources like this Statement object are closed after use
</violation>
<violation beginline="155" endline="155" begincolumn="27" endcolumn="28" rule="CloseResource" ruleset="Error Prone" package="games.strategy.engine.lobby.server.db" class="Database" method="ensureDbTablesAreCreated" variable="s" externalInfoUrl="https://docs.pmd-code.org/pmd-doc-7.0.0-rc3/pmd_rules_java_errorprone.html#closeresource" priority="3">
Ensure that resources like this Statement object are closed after use
</violation>
<violation beginline="161" endline="161" begincolumn="27" endcolumn="28" rule="CloseResource" ruleset="Error Prone" package="games.strategy.engine.lobby.server.db" class="Database" method="ensureDbTablesAreCreated" variable="s" externalInfoUrl="https://docs.pmd-code.org/pmd-doc-7.0.0-rc3/pmd_rules_java_errorprone.html#closeresource" priority="3">
Ensure that resources like this Statement object are closed after use
</violation>
<violation beginline="167" endline="167" begincolumn="27" endcolumn="28" rule="CloseResource" ruleset="Error Prone" package="games.strategy.engine.lobby.server.db" class="Database" method="ensureDbTablesAreCreated" variable="s" externalInfoUrl="https://docs.pmd-code.org/pmd-doc-7.0.0-rc3/pmd_rules_java_errorprone.html#closeresource" priority="3">
Ensure that resources like this Statement object are closed after use
</violation>
<violation beginline="241" endline="241" begincolumn="31" endcolumn="33" rule="CloseResource" ruleset="Error Prone" package="games.strategy.engine.lobby.server.db" class="Database" method="backup" variable="cs" externalInfoUrl="https://docs.pmd-code.org/pmd-doc-7.0.0-rc3/pmd_rules_java_errorprone.html#closeresource" priority="3">
Ensure that resources like this CallableStatement object are closed after use
</violation>
</file>
</pmd>
