<?xml version="1.0" encoding="UTF-8"?>
<pmd xmlns="http://pmd.sourceforge.net/report/2.0.0" xmlns:xsi="http://www.w3.org/2001/XMLSchema-instance" xsi:schemaLocation="http://pmd.sourceforge.net/report/2.0.0 http://pmd.sourceforge.net/report_2_0_0.xsd" version="7.0.0-rc3" timestamp="2023-10-22T14:18:12.253">
<file name="/mnt/disk3/lty/JLeaks/data/JavaFile/bug/0611c9ea725b27f6cebc5a28f6075e6bd8b682af86f0c3a0983aedbd5e9d85e8.java">
<violation beginline="40" endline="40" begincolumn="22" endcolumn="25" rule="CloseResource" ruleset="Error Prone" package="games.strategy.engine.lobby.server.db" class="MutedUsernameController" method="addMutedUsername" variable="con" externalInfoUrl="https://docs.pmd-code.org/pmd-doc-7.0.0-rc3/pmd_rules_java_errorprone.html#closeresource" priority="3">
Ensure that resources like this Connection object are closed after use
</violation>
<violation beginline="42" endline="42" begincolumn="31" endcolumn="33" rule="CloseResource" ruleset="Error Prone" package="games.strategy.engine.lobby.server.db" class="MutedUsernameController" method="addMutedUsername" variable="ps" externalInfoUrl="https://docs.pmd-code.org/pmd-doc-7.0.0-rc3/pmd_rules_java_errorprone.html#closeresource" priority="3">
Ensure that resources like this PreparedStatement object are closed after use
</violation>
<violation beginline="64" endline="64" begincolumn="22" endcolumn="25" rule="CloseResource" ruleset="Error Prone" package="games.strategy.engine.lobby.server.db" class="MutedUsernameController" method="removeMutedUsername" variable="con" externalInfoUrl="https://docs.pmd-code.org/pmd-doc-7.0.0-rc3/pmd_rules_java_errorprone.html#closeresource" priority="3">
Ensure that resources like this Connection object are closed after use
</violation>
<violation beginline="66" endline="66" begincolumn="31" endcolumn="33" rule="CloseResource" ruleset="Error Prone" package="games.strategy.engine.lobby.server.db" class="MutedUsernameController" method="removeMutedUsername" variable="ps" externalInfoUrl="https://docs.pmd-code.org/pmd-doc-7.0.0-rc3/pmd_rules_java_errorprone.html#closeresource" priority="3">
Ensure that resources like this PreparedStatement object are closed after use
</violation>
<violation beginline="94" endline="94" begincolumn="22" endcolumn="25" rule="CloseResource" ruleset="Error Prone" package="games.strategy.engine.lobby.server.db" class="MutedUsernameController" method="getUsernameUnmuteTime" variable="con" externalInfoUrl="https://docs.pmd-code.org/pmd-doc-7.0.0-rc3/pmd_rules_java_errorprone.html#closeresource" priority="3">
Ensure that resources like this Connection object are closed after use
</violation>
<violation beginline="96" endline="96" begincolumn="31" endcolumn="33" rule="CloseResource" ruleset="Error Prone" package="games.strategy.engine.lobby.server.db" class="MutedUsernameController" method="getUsernameUnmuteTime" variable="ps" externalInfoUrl="https://docs.pmd-code.org/pmd-doc-7.0.0-rc3/pmd_rules_java_errorprone.html#closeresource" priority="3">
Ensure that resources like this PreparedStatement object are closed after use
</violation>
<violation beginline="98" endline="98" begincolumn="23" endcolumn="25" rule="CloseResource" ruleset="Error Prone" package="games.strategy.engine.lobby.server.db" class="MutedUsernameController" method="getUsernameUnmuteTime" variable="rs" externalInfoUrl="https://docs.pmd-code.org/pmd-doc-7.0.0-rc3/pmd_rules_java_errorprone.html#closeresource" priority="3">
Ensure that resources like this ResultSet object are closed after use
</violation>
</file>
</pmd>
