<?xml version="1.0" encoding="UTF-8"?>
<pmd xmlns="http://pmd.sourceforge.net/report/2.0.0" xmlns:xsi="http://www.w3.org/2001/XMLSchema-instance" xsi:schemaLocation="http://pmd.sourceforge.net/report/2.0.0 http://pmd.sourceforge.net/report_2_0_0.xsd" version="7.0.0-rc3" timestamp="2023-10-22T14:19:52.016">
<file name="/mnt/disk3/lty/JLeaks/data/JavaFile/bug/80ed9c9f266a431687bf2b82f432a66e4fbd93cbcf8df1cf2aebabe3c46788a0.java">
<violation beginline="41" endline="41" begincolumn="21" endcolumn="26" rule="CloseResource" ruleset="Error Prone" package="nu.validator.client" class="HttpClient" method="main" variable="input" externalInfoUrl="https://docs.pmd-code.org/pmd-doc-7.0.0-rc3/pmd_rules_java_errorprone.html#closeresource" priority="3">
Ensure that resources like this InputStream object are closed after use
</violation>
<violation beginline="42" endline="42" begincolumn="22" endcolumn="28" rule="CloseResource" ruleset="Error Prone" package="nu.validator.client" class="HttpClient" method="main" variable="output" externalInfoUrl="https://docs.pmd-code.org/pmd-doc-7.0.0-rc3/pmd_rules_java_errorprone.html#closeresource" priority="3">
Ensure that resources like this OutputStream object are closed after use
</violation>
<violation beginline="43" endline="43" begincolumn="24" endcolumn="38" rule="CloseResource" ruleset="Error Prone" package="nu.validator.client" class="HttpClient" method="main" variable="responseReader" externalInfoUrl="https://docs.pmd-code.org/pmd-doc-7.0.0-rc3/pmd_rules_java_errorprone.html#closeresource" priority="3">
Ensure that resources like this BufferedReader object are closed after use
</violation>
</file>
</pmd>
