<?xml version="1.0" encoding="UTF-8"?>
<pmd xmlns="http://pmd.sourceforge.net/report/2.0.0" xmlns:xsi="http://www.w3.org/2001/XMLSchema-instance" xsi:schemaLocation="http://pmd.sourceforge.net/report/2.0.0 http://pmd.sourceforge.net/report_2_0_0.xsd" version="7.0.0-rc3" timestamp="2023-10-22T14:20:15.499">
<file name="/mnt/disk3/lty/JLeaks/data/JavaFile/bug/4d1e3f6af4f26eef7398cb005c37eeae083a3440a090bd0954b075df211913cc.java">
<violation beginline="117" endline="117" begincolumn="23" endcolumn="36" rule="CloseResource" ruleset="Error Prone" package="voldemort.store.socket.clientrequest" class="ClientRequestExecutorFactory" method="create" variable="socketChannel" externalInfoUrl="https://docs.pmd-code.org/pmd-doc-7.0.0-rc3/pmd_rules_java_errorprone.html#closeresource" priority="3">
Ensure that resources like this SocketChannel object are closed after use
</violation>
<violation beginline="171" endline="171" begincolumn="18" endcolumn="26" rule="CloseResource" ruleset="Error Prone" package="voldemort.store.socket.clientrequest" class="ClientRequestExecutorFactory" method="create" variable="selector" externalInfoUrl="https://docs.pmd-code.org/pmd-doc-7.0.0-rc3/pmd_rules_java_errorprone.html#closeresource" priority="3">
Ensure that resources like this Selector object are closed after use
</violation>
<violation beginline="306" endline="306" begincolumn="35" endcolumn="48" rule="CloseResource" ruleset="Error Prone" package="voldemort.store.socket.clientrequest" class="ClientRequestSelectorManager" method="processEvents" variable="socketChannel" externalInfoUrl="https://docs.pmd-code.org/pmd-doc-7.0.0-rc3/pmd_rules_java_errorprone.html#closeresource" priority="3">
Ensure that resources like this SocketChannel object are closed after use
</violation>
</file>
</pmd>
