<?xml version="1.0" encoding="UTF-8"?>
<pmd xmlns="http://pmd.sourceforge.net/report/2.0.0" xmlns:xsi="http://www.w3.org/2001/XMLSchema-instance" xsi:schemaLocation="http://pmd.sourceforge.net/report/2.0.0 http://pmd.sourceforge.net/report_2_0_0.xsd" version="7.0.0-rc3" timestamp="2023-10-22T12:25:57.609">
<file name="/mnt/disk3/lty/JLeaks/data/JavaFile/bug/1c1ffbf3e10f85e34725793792a74f0fc03d0e40bf32abf1f5cc1a8d59ac1392.java">
<violation beginline="45" endline="45" begincolumn="43" endcolumn="52" rule="CloseResource" ruleset="Error Prone" package="com.eveningoutpost.dexdrip.utils" class="DatabaseUtil" method="saveSql" variable="srcStream" externalInfoUrl="https://docs.pmd-code.org/pmd-doc-7.0.0-rc3/pmd_rules_java_errorprone.html#closeresource" priority="3">
Ensure that resources like this FileInputStream object are closed after use
</violation>
<violation beginline="46" endline="46" begincolumn="39" endcolumn="42" rule="CloseResource" ruleset="Error Prone" package="com.eveningoutpost.dexdrip.utils" class="DatabaseUtil" method="saveSql" variable="src" externalInfoUrl="https://docs.pmd-code.org/pmd-doc-7.0.0-rc3/pmd_rules_java_errorprone.html#closeresource" priority="3">
Ensure that resources like this FileChannel object are closed after use
</violation>
<violation beginline="47" endline="47" begincolumn="44" endcolumn="54" rule="CloseResource" ruleset="Error Prone" package="com.eveningoutpost.dexdrip.utils" class="DatabaseUtil" method="saveSql" variable="destStream" externalInfoUrl="https://docs.pmd-code.org/pmd-doc-7.0.0-rc3/pmd_rules_java_errorprone.html#closeresource" priority="3">
Ensure that resources like this FileOutputStream object are closed after use
</violation>
<violation beginline="48" endline="48" begincolumn="39" endcolumn="42" rule="CloseResource" ruleset="Error Prone" package="com.eveningoutpost.dexdrip.utils" class="DatabaseUtil" method="saveSql" variable="dst" externalInfoUrl="https://docs.pmd-code.org/pmd-doc-7.0.0-rc3/pmd_rules_java_errorprone.html#closeresource" priority="3">
Ensure that resources like this FileChannel object are closed after use
</violation>
</file>
</pmd>
